Source,Season,Production
Wind,Winter,11400
Wind,Winter,7917
Solar,Summer,8835
Wind,Fall,989
Wind,Winter,12526
Solar,Fall,4855
Solar,Spring,3692
Wind,Winter,2156
Wind,Winter,5813
Wind,Fall,6106
Wind,Winter,5515
Wind,Winter,2785
Wind,Winter,8498
Solar,Summer,5561
Wind,Summer,2328
Wind,Summer,6664
Solar,Spring,4993
Wind,Winter,3276
Wind,Summer,1739
Wind,Summer,2083
Wind,Winter,17272
Wind,Spring,12285
Solar,Summer,3480
Wind,Fall,1690
Wind,Fall,11508
Wind,Winter,15692
Solar,Spring,4169
Wind,Spring,3174
Wind,Fall,7314
Solar,Fall,4969
Solar,Spring,9862
Wind,Summer,3862
Wind,Spring,16144
Solar,Spring,8188
Wind,Winter,1710
Wind,Fall,472
Solar,Fall,3402
Solar,Summer,3996
Wind,Summer,1148
Wind,Summer,4062
Wind,Summer,1443
Wind,Spring,13363
Wind,Winter,15609
Wind,Spring,8878
Wind,Spring,2974
Wind,Fall,12324
Wind,Spring,5279
Wind,Winter,3872
Wind,Spring,6406
Solar,Summer,5323
Wind,Winter,7166
Solar,Fall,7117
Wind,Summer,5874
Solar,Spring,4807
Solar,Summer,7976
Solar,Winter,5168
Wind,Spring,4384
Wind,Summer,1465
Wind,Fall,3962
Wind,Summer,6786
Wind,Winter,5553
Wind,Spring,10557
Wind,Spring,10961
Wind,Fall,2160
Wind,Summer,8382
Solar,Summer,3688
Wind,Fall,8209
Wind,Fall,6448
Wind,Fall,2194
Wind,Summer,10173
Wind,Summer,5221
Wind,Summer,2181
Wind,Winter,3143
Wind,Spring,2541
Wind,Fall,4133
Wind,Winter,5020
Wind,Summer,3748
Solar,Summer,13125
Solar,Summer,5096
Wind,Winter,4074
Solar,Summer,7681
Wind,Winter,4820
Wind,Spring,10961
Wind,Winter,14822
Wind,Summer,3376
Wind,Summer,8199
Wind,Summer,10512
Wind,Winter,3869
Wind,Spring,10404
Wind,Winter,3334
Wind,Winter,5042
Wind,Fall,4228
Solar,Winter,5718
Wind,Fall,2948
Wind,Winter,3528
Wind,Spring,7504
Wind,Spring,8561
Solar,Summer,8215
Wind,Summer,3000
Wind,Fall,5084
Wind,Fall,3112
Solar,Winter,6722
Wind,Fall,4362
Wind,Winter,18199
Wind,Spring,2961
Wind,Summer,7448
Wind,Summer,3144
Solar,Spring,9252
Solar,Summer,7935
Wind,Winter,7577
Wind,Winter,10073
Wind,Winter,723
Wind,Fall,1723
Solar,Spring,7864
Solar,Spring,4403
Wind,Summer,3323
Wind,Winter,3658
Wind,Spring,14410
Wind,Winter,9228
Solar,Spring,8484
Wind,Fall,12993
Wind,Fall,4668
Wind,Summer,3220
Wind,Summer,2337
Wind,Spring,3727
Wind,Fall,13837
Solar,Spring,7338
Wind,Summer,7641
Wind,Spring,2453
Solar,Spring,5188
Solar,Summer,8910
Solar,Summer,4731
Wind,Fall,5365
Solar,Spring,7155
Solar,Fall,4121
Wind,Winter,6398
Wind,Fall,2532
Wind,Spring,2493
Wind,Spring,7152
Wind,Fall,3082
Wind,Fall,11398
Wind,Winter,6412
Wind,Summer,3038
Wind,Summer,6305
Wind,Winter,8913
Wind,Summer,1018
Wind,Winter,3930
Wind,Winter,3618
Solar,Winter,1994
Wind,Summer,3054
Solar,Summer,9719
Wind,Winter,16946
Wind,Fall,4621
Solar,Summer,9835
Wind,Summer,3026
Solar,Summer,6208
Wind,Spring,8159
Wind,Spring,2948
Wind,Winter,8507
Wind,Fall,982
Wind,Summer,5766
Wind,Fall,8585
Wind,Fall,8347
Wind,Fall,8309
Wind,Fall,2685
Wind,Fall,3302
Wind,Spring,4435
Solar,Summer,4378
Solar,Winter,4353
Wind,Spring,15456
Wind,Summer,4892
Wind,Winter,9675
Wind,Winter,2685
Solar,Summer,9454
Wind,Summer,2269
Solar,Summer,9397
Wind,Spring,1845
Wind,Summer,6749
Solar,Spring,13786
Wind,Spring,5250
Wind,Winter,7148
Wind,Summer,4706
Wind,Spring,2282
Solar,Summer,11455
Wind,Winter,4570
Wind,Spring,8236
Wind,Spring,7508
Solar,Summer,16160
Wind,Summer,2141
Solar,Fall,3999
Wind,Fall,8855
Wind,Spring,6519
Wind,Fall,16568
Wind,Fall,17124
Wind,Spring,4409
Wind,Fall,10617
Wind,Spring,6907
Wind,Winter,11458
Wind,Winter,8026
Wind,Summer,2990
Wind,Fall,2313
Solar,Summer,6026
Wind,Spring,17308
Solar,Summer,4915
Wind,Fall,4622
Wind,Spring,6534
Wind,Summer,692
Solar,Spring,12441
Wind,Winter,3205
Wind,Fall,6382
Wind,Summer,2819
Wind,Spring,12787
Wind,Winter,2353
Wind,Spring,7071
Wind,Fall,10233
Wind,Summer,2819
Solar,Fall,3708
Wind,Fall,9092
Solar,Winter,3734
Wind,Fall,7419
Solar,Summer,7160
Wind,Fall,13901
Wind,Fall,2675
Wind,Summer,794
Wind,Fall,10916
Solar,Spring,6810
Wind,Fall,4965
Wind,Spring,2294
Wind,Spring,9696
Solar,Winter,4252
Solar,Spring,8491
Wind,Spring,2003
Wind,Winter,6453
Wind,Winter,3521
Wind,Spring,5090
Wind,Fall,6192
Wind,Fall,3461
Solar,Fall,5605
Wind,Fall,399
Solar,Spring,4563
Wind,Winter,2439
Wind,Fall,9228
Wind,Summer,4082
Wind,Fall,22929
Wind,Winter,9131
Wind,Fall,189
Wind,Fall,6796
Wind,Fall,5144
Wind,Spring,6808
Wind,Fall,3819
Wind,Winter,16670
Wind,Summer,631
Wind,Summer,9506
Wind,Summer,1527
Wind,Fall,2667
Wind,Fall,11321
Wind,Summer,940
Wind,Summer,2918
Solar,Summer,7955
Wind,Spring,2321
Solar,Summer,5870
Wind,Spring,13322
Solar,Spring,4018
Wind,Winter,3303
Wind,Fall,2311
Wind,Summer,3618
Wind,Spring,4686
Wind,Winter,9119
Wind,Summer,10186
Wind,Fall,11196
Wind,Winter,2621
Wind,Spring,6475
Wind,Summer,6281
Wind,Spring,8043
Wind,Winter,9372
Wind,Summer,1028
Wind,Spring,7326
Wind,Winter,2207
Wind,Spring,3372
Wind,Winter,19633
Wind,Summer,3155
Wind,Spring,11147
Wind,Spring,15419
Wind,Fall,3577
Wind,Summer,5140
Wind,Spring,7700
Wind,Spring,5469
Wind,Winter,7659
Wind,Fall,556
Wind,Fall,10951
Wind,Summer,5612
Solar,Summer,3790
Wind,Spring,10506
Wind,Winter,3341
Wind,Summer,7096
Wind,Fall,5480
Wind,Summer,2863
Wind,Fall,1689
Wind,Summer,5051
Wind,Summer,1976
Wind,Spring,8226
Wind,Winter,4407
Wind,Winter,5334
Wind,Spring,857
Solar,Summer,4553
Wind,Fall,6398
Wind,Spring,9704
Wind,Winter,4707
Solar,Summer,6729
Wind,Fall,4648
Wind,Winter,2738
Wind,Winter,4819
Wind,Summer,3074
Solar,Winter,4059
Wind,Summer,3591
Wind,Summer,3055
Wind,Winter,1267
Wind,Fall,10069
Wind,Fall,7982
Wind,Winter,11622
Wind,Summer,2047
Wind,Spring,13616
Wind,Winter,13601
Wind,Fall,3374
Wind,Summer,11508
Wind,Winter,7217
Wind,Fall,9712
Wind,Fall,14275
Wind,Spring,9225
Wind,Winter,628
Wind,Winter,6025
Wind,Winter,5346
Wind,Summer,5425
Wind,Fall,5241
Solar,Spring,7025
Wind,Winter,1698
Solar,Fall,8063
Wind,Summer,3116
Solar,Spring,10578
Wind,Winter,8062
Wind,Summer,3373
Wind,Summer,2138
Wind,Fall,6650
Solar,Spring,4171
Wind,Spring,7278
Wind,Fall,10055
Wind,Fall,8680
Wind,Spring,2071
Wind,Winter,2979
Wind,Fall,6949
Wind,Summer,4337
Wind,Winter,13956
Wind,Spring,4692
Wind,Fall,3203
Solar,Fall,5483
Wind,Summer,7045
Wind,Winter,5289
Wind,Summer,2354
Wind,Summer,2617
Wind,Fall,904
Wind,Spring,9355
Wind,Winter,6322
Solar,Summer,4153
Wind,Winter,6361
Solar,Summer,3227
Wind,Summer,5774
Wind,Fall,3071
Wind,Summer,18182
Wind,Summer,4578
Wind,Spring,10808
Wind,Fall,11230
Wind,Winter,15390
Solar,Spring,3951
Wind,Summer,6183
Wind,Summer,2021
Wind,Fall,8243
Wind,Fall,6876
Solar,Summer,2606
Wind,Spring,9366
Wind,Summer,1485
Solar,Fall,5213
Wind,Spring,6188
Solar,Summer,8194
Wind,Spring,2276
Wind,Winter,9434
Wind,Winter,2524
Solar,Spring,4278
Solar,Winter,3789
Wind,Summer,1268
Wind,Winter,6684
Solar,Summer,1797
Wind,Winter,3380
Wind,Spring,8520
Wind,Fall,6073
Wind,Summer,2793
Wind,Spring,2478
Solar,Spring,4624
Wind,Summer,1499
Wind,Fall,2094
Wind,Spring,6184
Wind,Summer,3014
Solar,Spring,4025
Wind,Winter,13135
Wind,Fall,13096
Wind,Summer,2592
Wind,Spring,2083
Wind,Winter,8634
Wind,Winter,5507
Wind,Winter,13277
Wind,Spring,3061
Wind,Summer,3511
Wind,Winter,11252
Wind,Summer,4054
Wind,Spring,3856
Solar,Summer,8997
Wind,Winter,6214
Wind,Fall,5047
Solar,Summer,3901
Wind,Fall,4554
Wind,Winter,8411
Solar,Spring,5832
Wind,Spring,1491
Wind,Summer,10010
Wind,Spring,13175
Wind,Spring,4285
Wind,Winter,13922
Wind,Spring,10445
Wind,Summer,1268
Wind,Spring,10262
Wind,Fall,2586
Wind,Winter,16385
Wind,Winter,3405
Wind,Fall,1654
Wind,Summer,11966
Solar,Summer,3364
Wind,Fall,1404
Wind,Spring,4597
Wind,Winter,2503
Wind,Summer,2239
Wind,Winter,2968
Wind,Summer,3168
Wind,Winter,8437
Solar,Spring,11275
Solar,Winter,5010
Wind,Spring,2188
Wind,Spring,2191
Wind,Fall,6584
Wind,Fall,7395
Wind,Spring,11401
Wind,Summer,3888
Wind,Winter,3896
Wind,Winter,5200
Wind,Summer,8067
Wind,Fall,10010
Wind,Winter,7099
Wind,Spring,8820
Wind,Winter,4677
Wind,Winter,11102
Solar,Spring,10833
Wind,Spring,15504
Wind,Winter,11216
Wind,Spring,3364
Wind,Spring,5506
Wind,Fall,6996
Wind,Winter,12035
Solar,Summer,6901
Wind,Fall,4830
Wind,Summer,2515
Wind,Winter,11261
Wind,Fall,4623
Wind,Summer,5085
Wind,Summer,8918
Wind,Fall,8515
Wind,Summer,10122
Wind,Fall,1637
Wind,Spring,1775
Solar,Summer,6355
Wind,Fall,2673
Wind,Fall,2696
Solar,Summer,6334
Wind,Winter,8156
Wind,Fall,3029
Wind,Fall,705
Wind,Spring,8890
Wind,Fall,2108
Solar,Spring,7184
Wind,Fall,12913
Wind,Fall,5579
Wind,Winter,7964
Wind,Fall,3322
Wind,Winter,7629
Wind,Fall,1087
Wind,Winter,5476
Solar,Summer,8923
Wind,Spring,7895
Solar,Summer,6845
Wind,Fall,1073
Wind,Spring,7431
Wind,Spring,2088
Wind,Spring,3270
Wind,Fall,3223
Wind,Winter,11221
Wind,Spring,2081
Wind,Spring,14741
Wind,Fall,7737
Wind,Spring,13538
Wind,Fall,3702
Solar,Summer,4546
Wind,Spring,7916
Wind,Spring,3264
Solar,Summer,8625
Solar,Summer,4144
Wind,Winter,15539
Wind,Fall,1720
Wind,Fall,5380
Wind,Spring,6418
Wind,Summer,2801
Solar,Fall,7186
Wind,Winter,15819
Wind,Summer,11382
Wind,Spring,9894
Wind,Summer,3765
Wind,Winter,4661
Wind,Fall,1731
Wind,Winter,16403
Wind,Fall,7024
Wind,Fall,13425
Wind,Spring,12405
Solar,Summer,1954
Wind,Spring,7165
Wind,Fall,2214
Wind,Winter,7775
Solar,Spring,6169
Wind,Summer,2257
Wind,Spring,6001
Wind,Summer,4107
Wind,Spring,3587
Wind,Summer,4170
Wind,Fall,3701
Wind,Fall,10307
Wind,Spring,4960
Wind,Summer,963
Wind,Fall,6568
Wind,Summer,3147
Wind,Fall,1309
Wind,Winter,13363
Wind,Spring,4422
Wind,Winter,15941
Wind,Winter,2846
Wind,Spring,10805
Solar,Summer,8815
Wind,Fall,11825
Wind,Spring,2893
Wind,Spring,6849
Solar,Spring,7624
Wind,Fall,5905
Wind,Fall,1798
Wind,Spring,3550
Wind,Winter,8803
Wind,Spring,4808
Wind,Spring,2053
Wind,Spring,7248
Wind,Summer,7218
Wind,Spring,6192
Wind,Summer,14166
Wind,Fall,4044
Wind,Winter,14541
Wind,Fall,6386
Wind,Summer,5411
Wind,Winter,1043
Solar,Spring,5875
Solar,Fall,6213
Wind,Winter,5404
Wind,Spring,8275
Wind,Winter,13886
Wind,Spring,3420
Wind,Winter,3646
Solar,Summer,5731
Wind,Fall,4321
Wind,Spring,3006
Wind,Fall,730
Solar,Summer,8701
Wind,Spring,3351
Wind,Spring,1998
Wind,Winter,2179
Wind,Fall,10599
Wind,Spring,2245
Wind,Fall,1963
Wind,Winter,14332
Wind,Spring,11363
Wind,Summer,9028
Wind,Winter,7243
Wind,Winter,6243
Wind,Summer,6057
Wind,Winter,6822
Wind,Fall,2148
Solar,Summer,7556
Wind,Summer,10494
Wind,Spring,7393
Wind,Winter,9436
Wind,Fall,10840
Wind,Summer,2306
Wind,Winter,12614
Wind,Spring,5325
Wind,Spring,4838
Wind,Spring,3728
Wind,Winter,7023
Wind,Fall,7114
Wind,Spring,4319
Solar,Summer,3435
Wind,Winter,3299
Wind,Spring,9938
Wind,Fall,4512
Wind,Summer,11952
Wind,Summer,2886
Wind,Winter,1809
Wind,Winter,10704
Wind,Spring,1594
Wind,Winter,10646
Wind,Fall,1181
Wind,Summer,3432
Wind,Summer,2514
Wind,Spring,3834
Wind,Spring,2812
Wind,Winter,4165
Wind,Summer,2524
Solar,Winter,5047
Solar,Spring,5004
Wind,Fall,11975
Wind,Winter,11904
Wind,Fall,1402
Wind,Spring,3908
Wind,Fall,6287
Wind,Fall,3805
Wind,Spring,3427
Wind,Spring,2041
Wind,Summer,1744
Wind,Summer,2190
Wind,Fall,6261
Wind,Spring,5113
Wind,Fall,2713
Wind,Spring,8274
Wind,Winter,1705
Wind,Fall,8155
Wind,Spring,772
Wind,Fall,7347
Solar,Summer,8933
Wind,Winter,2633
Wind,Winter,3018
Wind,Winter,14562
Wind,Winter,8585
Solar,Winter,6618
Solar,Spring,7824
Wind,Spring,8861
Wind,Fall,6180
Wind,Winter,2047
Wind,Fall,1443
Wind,Spring,9963
Wind,Spring,4079
Wind,Summer,4401
Wind,Winter,376
Wind,Fall,8295
Wind,Summer,524
Wind,Spring,4244
Wind,Spring,2178
Wind,Winter,13532
Wind,Spring,4225
Wind,Summer,7351
Solar,Fall,5370
Wind,Winter,14158
Wind,Summer,3591
Wind,Summer,5105
Wind,Winter,13835
Wind,Spring,8419
Wind,Spring,14967
Wind,Winter,4207
Wind,Fall,6573
Solar,Spring,8449
Wind,Spring,4156
Solar,Spring,6724
Wind,Fall,7943
Wind,Spring,12236
Wind,Spring,6623
Wind,Spring,3181
Wind,Summer,3818
Wind,Spring,10584
Wind,Fall,2231
Solar,Winter,5898
Wind,Summer,3946
Wind,Fall,12427
Wind,Winter,4378
Solar,Summer,6486
Wind,Fall,5733
Wind,Fall,3184
Wind,Summer,2344
Wind,Fall,5881
Wind,Spring,9412
Wind,Summer,7665
Wind,Fall,12598
Wind,Summer,8892
Wind,Summer,2314
Wind,Summer,1411
Wind,Fall,11434
Wind,Spring,11353
Wind,Fall,11628
Wind,Spring,5536
Wind,Fall,13494
Wind,Fall,10983
Solar,Spring,4597
Wind,Winter,3775
Solar,Summer,6569
Wind,Fall,18020
Solar,Summer,3463
Wind,Winter,2785
Wind,Spring,5440
Wind,Winter,10078
Wind,Fall,12727
Wind,Winter,11947
Solar,Fall,6209
Solar,Spring,5389
Solar,Summer,5511
Wind,Summer,5812
Wind,Summer,12828
Solar,Fall,6478
Wind,Spring,2201
Wind,Winter,7116
Wind,Summer,6027
Solar,Spring,4826
Wind,Summer,8440
Wind,Winter,8031
Solar,Spring,7476
Wind,Spring,1854
Wind,Fall,12571
Wind,Summer,1497
Wind,Summer,2246
Wind,Fall,9657
Wind,Fall,2019
Wind,Spring,1043
Wind,Summer,3833
Solar,Spring,6999
Wind,Fall,2863
Solar,Summer,5827
Solar,Spring,7513
Wind,Fall,1493
Wind,Summer,12039
Wind,Winter,6217
Wind,Spring,4459
Wind,Fall,587
Wind,Winter,10985
Wind,Spring,6132
Wind,Spring,7772
Wind,Fall,4909
Wind,Fall,14684
Wind,Fall,8268
Solar,Summer,10527
Wind,Winter,3967
Wind,Summer,7645
Solar,Spring,4554
Wind,Fall,11671
Wind,Fall,3772
Wind,Winter,11327
Wind,Fall,4090
Wind,Spring,3024
Wind,Winter,3354
Solar,Fall,6517
Wind,Winter,4429
Solar,Winter,5018
Wind,Spring,7764
Wind,Winter,10892
Wind,Winter,6696
Solar,Summer,3022
Wind,Fall,6893
Wind,Fall,4665
Wind,Spring,4834
Wind,Summer,2097
Wind,Summer,9509
Wind,Winter,18051
Wind,Winter,10262
Wind,Summer,3683
Solar,Fall,3556
Wind,Fall,11246
Wind,Summer,3909
Wind,Winter,12987
Wind,Winter,1210
Wind,Winter,9517
Wind,Summer,2408
Wind,Spring,1971
Wind,Fall,1817
Wind,Fall,6659
Wind,Fall,9362
Wind,Winter,7755
Wind,Winter,2518
Solar,Spring,5814
Wind,Fall,12653
Wind,Spring,3354
Wind,Fall,997
Wind,Spring,3177
Wind,Fall,1190
Wind,Winter,9203
Wind,Fall,3478
Wind,Winter,8666
Wind,Spring,8501
Solar,Spring,8613
Wind,Fall,6503
Wind,Spring,12992
Wind,Spring,1644
Wind,Spring,5851
Wind,Summer,9974
Wind,Summer,2047
Wind,Fall,9187
Solar,Summer,2265
Wind,Spring,7361
Wind,Fall,13116
Wind,Summer,1822
Solar,Summer,4870
Solar,Summer,13057
Solar,Summer,2120
Wind,Fall,2511
Wind,Winter,3087
Wind,Summer,8537
Wind,Fall,699
Solar,Summer,4699
Solar,Fall,2486
Wind,Spring,1476
Wind,Spring,3981
Wind,Winter,8363
Wind,Summer,2102
Wind,Winter,9035
Wind,Summer,6325
Wind,Winter,4859
Wind,Spring,11560
Wind,Winter,7101
Wind,Spring,778
Solar,Summer,9090
Wind,Spring,10099
Solar,Spring,7830
Wind,Spring,12881
Wind,Winter,1866
Wind,Spring,10973
Solar,Fall,5193
Solar,Fall,4471
Solar,Winter,5443
Wind,Summer,2449
Wind,Winter,7522
Wind,Spring,9316
Wind,Winter,6777
Wind,Winter,4387
Wind,Winter,7264
Wind,Winter,1935
Wind,Spring,6909
Solar,Summer,3057
Wind,Winter,9945
Wind,Spring,2209
Wind,Winter,10656
Wind,Fall,3695
Solar,Spring,6882
Wind,Summer,185
Wind,Fall,2855
Wind,Spring,9691
Solar,Fall,3044
Wind,Fall,2295
Wind,Spring,2140
Wind,Spring,7679
Wind,Summer,6977
Wind,Spring,15177
Wind,Fall,4486
Wind,Winter,15643
Solar,Summer,7456
Solar,Summer,3007
Wind,Spring,13804
Wind,Spring,2226
Wind,Spring,2579
Wind,Winter,13712
Solar,Summer,9711
Wind,Spring,8031
Wind,Fall,3382
Wind,Spring,3346
Wind,Winter,2096
Wind,Spring,6830
Wind,Summer,6976
Wind,Winter,11476
Wind,Summer,2149
Solar,Summer,5078
Wind,Fall,12274
Wind,Winter,8630
Solar,Summer,9373
Wind,Fall,1027
Wind,Summer,4311
Wind,Winter,12990
Solar,Spring,6255
Wind,Winter,6512
Wind,Winter,12896
Wind,Spring,12379
Wind,Summer,3640
Solar,Summer,4835
Solar,Summer,7071
Wind,Summer,2348
Wind,Winter,9445
Wind,Fall,1168
Wind,Fall,13351
Wind,Spring,3577
Wind,Spring,2626
Wind,Spring,7212
Wind,Summer,4286
Wind,Fall,1147
Solar,Spring,5661
Solar,Summer,10399
Wind,Fall,1898
Wind,Winter,17304
Wind,Spring,3960
Wind,Fall,3900
Wind,Fall,13322
Wind,Fall,13968
Wind,Summer,6914
Wind,Summer,3839
Wind,Spring,9031
Wind,Summer,1787
Wind,Fall,14414
Wind,Winter,3643
Wind,Spring,13594
Wind,Winter,5272
Wind,Fall,4431
Wind,Fall,10550
Wind,Fall,9197
Solar,Fall,11435
Wind,Spring,5647
Solar,Summer,9710
Solar,Summer,5446
Wind,Spring,7922
Wind,Fall,4505
Wind,Spring,7295
Wind,Fall,4294
Wind,Summer,3481
Wind,Winter,7735
Wind,Winter,5019
Wind,Fall,871
Wind,Spring,5274
Wind,Spring,11450
Wind,Spring,15343
Wind,Summer,7420
Wind,Summer,4848
Wind,Spring,1807
Wind,Winter,13127
Wind,Winter,6061
Solar,Spring,12731
Wind,Winter,3446
Wind,Fall,3733
Wind,Spring,4913
Wind,Fall,12708
Wind,Fall,8890
Wind,Spring,8177
Wind,Winter,4070
Wind,Winter,9046
Wind,Summer,16234
Wind,Fall,12858
Solar,Fall,5376
Solar,Summer,6206
Wind,Summer,3516
Wind,Spring,7331
Wind,Fall,4842
Wind,Winter,18044
Wind,Fall,2391
Wind,Winter,7395
Solar,Summer,4324
Wind,Spring,10223
Wind,Fall,8718
Wind,Spring,12448
Wind,Summer,3681
Wind,Fall,3265
Wind,Spring,2756
Wind,Spring,3508
Wind,Summer,2215
Wind,Fall,10753
Solar,Fall,4316
Wind,Spring,6042
Wind,Spring,1977
Wind,Spring,3813
Solar,Spring,3361
Wind,Winter,2940
Solar,Summer,10808
Wind,Fall,2764
Wind,Summer,7973
Wind,Winter,9837
Wind,Fall,9736
Wind,Fall,2980
Solar,Fall,6772
Solar,Spring,5433
Wind,Summer,4447
Solar,Spring,5047
Wind,Fall,6986
Wind,Summer,6839
Wind,Spring,15588
Wind,Spring,10522
Solar,Summer,7380
Solar,Spring,4316
Wind,Spring,2904
Wind,Summer,4511
Wind,Fall,91
Solar,Fall,3501
Wind,Fall,4282
Wind,Spring,2984
Wind,Fall,3047
Solar,Summer,4337
Wind,Winter,3779
Wind,Summer,2570
Solar,Summer,8145
Wind,Winter,11199
Wind,Winter,1051
Wind,Winter,3705
Wind,Fall,8274
Solar,Summer,2289
Solar,Fall,4051
Wind,Winter,5554
Wind,Spring,12639
Wind,Fall,3571
Wind,Summer,2561
Wind,Fall,11102
Wind,Spring,3011
Solar,Summer,2385
Solar,Summer,2124
Wind,Summer,4666
Wind,Spring,2050
Wind,Summer,6195
Solar,Summer,7347
Wind,Summer,3896
Wind,Summer,3182
Wind,Summer,2147
Wind,Winter,998
Wind,Winter,6191
Wind,Summer,981
Wind,Spring,2943
Wind,Fall,7262
Wind,Winter,5746
Wind,Spring,3600
Wind,Summer,8729
Wind,Winter,5719
Wind,Winter,8407
Wind,Spring,4160
Wind,Summer,5928
Wind,Spring,8914
Solar,Summer,8341
Solar,Spring,5410
Solar,Summer,7868
Solar,Summer,3437
Wind,Winter,6776
Wind,Spring,6497
Solar,Summer,5172
Solar,Summer,5919
Wind,Winter,9544
Wind,Spring,3450
Wind,Summer,7517
Wind,Winter,3478
Wind,Fall,1157
Wind,Summer,1055
Wind,Winter,3045
Wind,Summer,5677
Wind,Spring,4738
Wind,Fall,15959
Wind,Summer,3236
Wind,Spring,3151
Wind,Summer,3094
Solar,Summer,5949
Wind,Winter,17121
Wind,Fall,13786
Wind,Summer,3727
Wind,Winter,12111
Wind,Spring,13203
Wind,Winter,1784
Wind,Winter,2214
Wind,Spring,1059
Wind,Fall,10139
Solar,Spring,4067
Wind,Winter,15035
Wind,Summer,2326
Solar,Spring,8025
Wind,Spring,3210
Wind,Spring,1638
Wind,Winter,12401
Wind,Winter,6987
Wind,Summer,2163
Wind,Spring,8828
Wind,Winter,3467
Wind,Winter,11722
Wind,Summer,3035
Wind,Summer,4806
Wind,Spring,3817
Wind,Summer,4893
Solar,Spring,7144
Wind,Winter,5705
Wind,Fall,9330
Solar,Fall,2638
Wind,Winter,8504
Wind,Fall,5746
Wind,Summer,4779
Wind,Spring,11304
Wind,Spring,6113
Wind,Spring,9631
Solar,Fall,5717
Solar,Spring,4347
Wind,Spring,9379
Wind,Winter,2724
Wind,Fall,13237
Wind,Winter,14510
Wind,Winter,5974
Wind,Spring,5354
Wind,Summer,1211
Wind,Spring,6006
Wind,Fall,12713
Wind,Summer,3210
Wind,Summer,1872
Wind,Spring,13020
Wind,Spring,632
Wind,Fall,3759
Solar,Summer,7974
Wind,Summer,1472
Wind,Fall,4179
Solar,Summer,9917
Wind,Summer,7289
Wind,Spring,2157
Wind,Winter,2434
Wind,Fall,19392
Wind,Winter,3899
Wind,Winter,11579
Solar,Summer,5286
Wind,Winter,7785
Wind,Fall,8192
Wind,Fall,3866
Solar,Fall,1713
Wind,Summer,603
Wind,Spring,897
Wind,Spring,3263
Wind,Spring,5947
Solar,Fall,3974
Wind,Fall,1888
Wind,Fall,9730
Wind,Fall,5232
Wind,Spring,2433
Wind,Spring,5222
Wind,Fall,10595
Wind,Spring,6589
Solar,Fall,6409
Wind,Summer,7555
Solar,Winter,4784
Wind,Fall,11731
Wind,Spring,4798
Wind,Fall,7385
Wind,Spring,5855
Wind,Summer,3480
Wind,Winter,2155
Wind,Fall,1951
Solar,Fall,8416
Wind,Spring,6207
Wind,Winter,10239
Wind,Spring,8436
Wind,Spring,7771
Wind,Summer,2236
Wind,Fall,2205
Wind,Fall,5700
Wind,Fall,2657
Wind,Spring,7111
Wind,Fall,11888
Wind,Winter,8676
Solar,Summer,4441
Wind,Winter,13623
Solar,Summer,3922
Wind,Winter,3745
Wind,Spring,11240
Wind,Fall,3208
Wind,Fall,1902
Solar,Fall,9093
Wind,Winter,9136
Wind,Fall,5114
Wind,Summer,2495
Wind,Spring,6597
Solar,Fall,5400
Wind,Spring,14511
Wind,Winter,14481
Wind,Spring,2748
Wind,Spring,3131
Wind,Spring,5460
Wind,Winter,5987
Wind,Winter,5467
Wind,Summer,2381
Wind,Fall,8893
Wind,Winter,3441
Wind,Fall,3213
Solar,Summer,11741
Solar,Summer,8514
Wind,Fall,9911
Wind,Winter,4963
Wind,Winter,13202
Wind,Summer,1029
Wind,Winter,3623
Wind,Spring,10107
Wind,Spring,1227
Wind,Winter,1358
Wind,Fall,3573
Solar,Winter,8762
Wind,Fall,1154
Wind,Fall,1977
Wind,Spring,10880
Wind,Winter,5400
Wind,Winter,11969
Wind,Spring,5520
Wind,Summer,1817
Wind,Summer,1914
Wind,Spring,7329
Wind,Fall,11600
Wind,Fall,3137
Wind,Fall,8685
Wind,Fall,15610
Wind,Summer,1627
Wind,Summer,1674
Wind,Spring,1818
Wind,Fall,7046
Wind,Summer,2587
Wind,Summer,1527
Solar,Spring,10869
Wind,Spring,4853
Wind,Summer,2191
Wind,Spring,2176
Wind,Fall,7931
Wind,Fall,12591
Wind,Fall,8855
Wind,Winter,10495
Wind,Spring,9828
Solar,Spring,8585
Wind,Summer,3214
Wind,Fall,4358
Wind,Winter,7744
Wind,Fall,2599
Wind,Fall,6116
Wind,Winter,9700
Wind,Winter,14222
Wind,Fall,937
Wind,Summer,8615
Wind,Fall,1790
Wind,Winter,3118
Wind,Winter,4018
Wind,Fall,2920
Wind,Summer,2879
Wind,Fall,2233
Wind,Summer,3768
Wind,Summer,3189
Wind,Winter,6407
Wind,Fall,12240
Wind,Fall,7834
Wind,Fall,8784
Wind,Spring,11683
Wind,Fall,10049
Wind,Winter,10894
Wind,Summer,16122
Wind,Fall,13680
Wind,Winter,3931
Wind,Fall,8586
Wind,Winter,3948
Wind,Summer,2522
Wind,Spring,1178
Solar,Fall,4637
Wind,Fall,14551
Wind,Winter,3865
Wind,Fall,20041
Wind,Fall,7638
Wind,Winter,5008
Wind,Fall,2436
Wind,Fall,710
Wind,Winter,5368
Wind,Fall,3142
Wind,Summer,1832
Wind,Spring,9108
Solar,Spring,9902
Solar,Summer,9500
Wind,Winter,3088
Wind,Fall,6021
Wind,Fall,9481
Solar,Spring,4623
Wind,Fall,2632
Wind,Fall,9214
Wind,Winter,9274
Wind,Summer,7907
Wind,Fall,6967
Solar,Summer,8671
Wind,Spring,9142
Wind,Winter,6699
Wind,Spring,5871
Wind,Summer,3047
Wind,Winter,5595
Wind,Fall,2089
Wind,Fall,4420
Wind,Winter,6229
Wind,Summer,2420
Wind,Summer,3688
Solar,Spring,3720
Wind,Winter,7389
Solar,Spring,5326
Wind,Winter,5216
Wind,Spring,11499
Solar,Summer,4811
Solar,Winter,3467
Wind,Summer,1435
Solar,Spring,8327
Wind,Spring,3423
Wind,Summer,2710
Wind,Winter,10034
Wind,Fall,2616
Solar,Spring,9010
Solar,Summer,7443
Wind,Winter,11340
Solar,Summer,7124
Solar,Summer,4905
Solar,Summer,4169
Solar,Fall,2508
Wind,Summer,697
Solar,Summer,3387
Wind,Winter,5793
Wind,Fall,17093
Wind,Spring,8894
Wind,Fall,5133
Wind,Spring,4647
Wind,Summer,12722
Wind,Winter,5523
Wind,Spring,10434
Wind,Winter,12227
Wind,Summer,4772
Wind,Fall,11198
Wind,Winter,5226
Wind,Summer,1864
Wind,Winter,5364
Wind,Spring,3727
Wind,Spring,14015
Wind,Spring,10416
Wind,Winter,12071
Wind,Spring,5823
Solar,Winter,6344
Wind,Winter,2721
Wind,Summer,2460
Wind,Fall,8549
Wind,Spring,1737
Wind,Fall,4204
Wind,Spring,8184
Solar,Spring,1701
Wind,Spring,1146
Solar,Fall,3480
Wind,Spring,7130
Wind,Summer,2336
Wind,Spring,4052
Wind,Winter,2472
Solar,Summer,5111
Wind,Fall,1552
Wind,Spring,4590
Wind,Spring,6587
Wind,Spring,2412
Wind,Fall,2581
Solar,Summer,8765
Solar,Spring,5337
Wind,Fall,1709
Wind,Winter,5360
Solar,Spring,2595
Wind,Fall,2750
Wind,Spring,2963
Wind,Winter,1216
Wind,Summer,2454
Wind,Fall,14785
Wind,Winter,2207
Wind,Summer,3499
Wind,Spring,8694
Wind,Winter,10315
Wind,Fall,9018
Wind,Spring,6161
Solar,Winter,2655
Wind,Winter,18534
Wind,Winter,9041
Wind,Summer,8004
Solar,Summer,4434
Wind,Summer,2381
Solar,Summer,8460
Wind,Fall,11679
Wind,Summer,11633
Solar,Summer,5746
Wind,Spring,6782
Solar,Spring,12591
Wind,Fall,3138
Wind,Fall,6343
Wind,Summer,20359
Wind,Spring,6358
Wind,Winter,1322
Wind,Fall,1250
Wind,Winter,2756
Wind,Winter,5374
Solar,Spring,5920
Wind,Summer,3168
Wind,Summer,8716
Wind,Spring,7126
Wind,Spring,8130
Wind,Spring,2920
Wind,Spring,8065
Wind,Fall,3175
Solar,Spring,10667
Wind,Spring,596
Solar,Summer,6939
Solar,Spring,2595
Solar,Spring,7715
Solar,Spring,4021
Wind,Spring,1319
Wind,Spring,1022
Solar,Summer,9207
Wind,Fall,6817
Solar,Spring,1714
Wind,Summer,3211
Wind,Summer,5940
Wind,Summer,5677
Wind,Summer,3270
Wind,Fall,9185
Solar,Winter,7521
Wind,Fall,2796
Wind,Winter,9763
Solar,Summer,5797
Wind,Spring,3591
Wind,Fall,6954
Wind,Winter,15601
Wind,Spring,7754
Wind,Spring,5574
Wind,Winter,3966
Wind,Summer,1238
Solar,Spring,4803
Wind,Fall,8052
Wind,Spring,2029
Wind,Winter,2245
Wind,Winter,9792
Wind,Winter,2010
Wind,Winter,3827
Solar,Summer,11681
Wind,Spring,3884
Solar,Summer,6557
Wind,Winter,2798
Wind,Fall,8628
Solar,Spring,2455
Solar,Spring,4347
Solar,Summer,5828
Wind,Winter,10238
Wind,Winter,12122
Solar,Fall,4893
Wind,Summer,2572
Solar,Fall,4951
Wind,Spring,10827
Wind,Fall,889
Wind,Summer,4242
Wind,Winter,15880
Wind,Winter,3703
Wind,Spring,13143
Solar,Spring,6405
Wind,Fall,15222
Wind,Spring,4865
Wind,Winter,4598
Solar,Summer,3379
Wind,Spring,12628
Wind,Fall,1945
Wind,Summer,1089
Wind,Spring,15030
Wind,Summer,1649
Wind,Winter,8611
Wind,Winter,9395
Solar,Summer,8565
Wind,Spring,2131
Wind,Summer,1717
Wind,Summer,9475
Solar,Spring,6107
Wind,Winter,14450
Wind,Spring,5871
Wind,Fall,17146
Wind,Fall,18105
Wind,Fall,2659
Wind,Winter,1589
Wind,Winter,12177
Wind,Winter,638
Wind,Spring,6840
Wind,Spring,978
Wind,Winter,4427
Wind,Spring,3512
Wind,Winter,16435
Solar,Spring,7096
Wind,Fall,6882
Solar,Spring,7478
Wind,Winter,7591
Wind,Winter,3644
Wind,Winter,3022
Wind,Fall,6768
Wind,Fall,1997
Wind,Spring,1796
Wind,Summer,1586
Wind,Spring,12606
Wind,Summer,5103
Wind,Summer,4118
Wind,Winter,13158
Wind,Winter,3430
Wind,Summer,4639
Wind,Spring,8947
Wind,Summer,4554
Wind,Summer,14188
Wind,Winter,1157
Wind,Spring,3636
Wind,Fall,4387
Solar,Fall,4917
Wind,Spring,9223
Wind,Winter,14624
Wind,Summer,1034
Wind,Fall,12997
Wind,Fall,10003
Solar,Spring,5897
Wind,Winter,2779
Solar,Summer,5429
Wind,Summer,1543
Wind,Summer,1515
Wind,Fall,2281
Wind,Spring,2419
Wind,Fall,2332
Wind,Summer,3592
Solar,Fall,8664
Wind,Summer,3887
Wind,Spring,4931
Wind,Spring,8756
Wind,Spring,5580
Wind,Fall,7164
Wind,Summer,3335
Wind,Fall,3657
Solar,Fall,7678
Wind,Spring,3046
Wind,Spring,10771
Wind,Summer,4685
Wind,Fall,5612
Wind,Winter,4218
Wind,Fall,3606
Wind,Winter,12425
Wind,Winter,9180
Solar,Fall,4668
Wind,Fall,9715
Wind,Spring,5832
Wind,Winter,7265
Wind,Summer,1551
Solar,Spring,4782
Wind,Spring,6382
Wind,Summer,5549
Solar,Winter,3695
Solar,Summer,8567
Wind,Winter,11612
Solar,Spring,5436
Wind,Fall,10772
Wind,Winter,3318
Wind,Spring,3668
Solar,Spring,3617
Wind,Fall,5673
Wind,Fall,10362
Wind,Spring,7939
Solar,Summer,5079
Solar,Summer,3763
Wind,Summer,5109
Wind,Spring,5257
Wind,Fall,884
Wind,Fall,8074
Wind,Fall,12923
Wind,Fall,5240
Wind,Fall,5285
Solar,Summer,6725
Wind,Spring,5822
Solar,Summer,8839
Wind,Fall,1848
Wind,Fall,2645
Wind,Summer,1623
Wind,Winter,7536
Wind,Summer,1077
Solar,Summer,8581
Wind,Winter,891
Solar,Spring,5631
Wind,Spring,4743
Wind,Winter,7966
Wind,Spring,3079
Wind,Spring,5041
Wind,Summer,1612
Wind,Summer,1343
Wind,Spring,2747
Wind,Spring,1939
Wind,Summer,5296
Solar,Fall,5151
Wind,Fall,3247
Wind,Winter,7250
Wind,Fall,8891
Wind,Spring,3606
Wind,Summer,8491
Wind,Fall,2909
Wind,Winter,7854
Wind,Fall,4771
Wind,Summer,7487
Wind,Summer,5582
Wind,Spring,3115
Wind,Winter,8402
Wind,Fall,6863
Wind,Spring,1051
Wind,Winter,4624
Wind,Spring,4550
Wind,Fall,5880
Wind,Spring,7259
Wind,Spring,14993
Wind,Summer,9243
Solar,Fall,3198
Wind,Summer,2200
Wind,Summer,3802
Wind,Winter,7256
Wind,Winter,8212
Solar,Summer,7445
Wind,Winter,4032
Wind,Winter,6295
Wind,Spring,1985
Wind,Fall,1712
Wind,Spring,5970
Wind,Fall,3125
Solar,Summer,10162
Wind,Spring,6008
Solar,Summer,4032
Wind,Fall,3933
Solar,Spring,3264
Wind,Summer,4148
Wind,Summer,1528
Solar,Summer,7198
Solar,Fall,4648
Wind,Spring,4519
Wind,Summer,1888
Wind,Fall,12523
Wind,Fall,19513
Wind,Winter,9136
Wind,Spring,13180
Wind,Fall,5765
Wind,Winter,4269
Wind,Spring,10081
Wind,Winter,8459
Wind,Spring,6268
Solar,Spring,5419
Wind,Spring,3141
Wind,Winter,9390
Wind,Fall,2893
Wind,Winter,4916
Solar,Summer,4090
Wind,Fall,10123
Wind,Summer,1564
Wind,Winter,1533
Wind,Spring,7115
Solar,Spring,4444
Solar,Fall,5039
Wind,Summer,1609
Solar,Summer,5556
Wind,Winter,4213
Wind,Winter,2895
Wind,Winter,16688
Wind,Fall,7022
Wind,Summer,6690
Wind,Winter,2824
Wind,Summer,11030
Wind,Winter,17248
Wind,Spring,3644
Solar,Summer,12289
Wind,Spring,11290
Wind,Spring,15437
Wind,Fall,1771
Wind,Spring,13805
Wind,Fall,4071
Wind,Fall,7333
Wind,Summer,4199
Wind,Winter,8096
Wind,Fall,6874
Wind,Summer,1493
Wind,Fall,3966
Wind,Summer,7412
Wind,Winter,1527
Wind,Spring,2921
Wind,Winter,5298
Wind,Spring,11018
Wind,Winter,915
Wind,Summer,3013
Wind,Winter,4120
Wind,Winter,3538
Wind,Spring,7067
Wind,Spring,5787
Wind,Fall,11000
Solar,Summer,7133
Wind,Fall,2764
Wind,Fall,13678
Wind,Spring,12722
Solar,Fall,4740
Wind,Summer,1806
Wind,Fall,8818
Solar,Summer,633
Wind,Summer,7043
Wind,Winter,5875
Wind,Winter,9123
Wind,Winter,4432
Solar,Fall,6983
Wind,Summer,4100
Solar,Summer,12811
Solar,Spring,2799
Wind,Spring,6613
Wind,Summer,1500
Wind,Spring,6130
Wind,Spring,5050
Wind,Spring,12431
Wind,Spring,1715
Wind,Summer,2581
Wind,Winter,3683
Wind,Summer,4270
Wind,Spring,3256
Wind,Spring,4169
Wind,Winter,1709
Solar,Summer,6420
Wind,Spring,3471
Wind,Spring,1256
Wind,Winter,14323
Wind,Spring,9329
Wind,Spring,3754
Wind,Fall,3051
Wind,Fall,3328
Wind,Fall,11975
Solar,Spring,6702
Wind,Winter,3973
Wind,Winter,2542
Wind,Winter,5860
Wind,Spring,6097
Wind,Winter,5489
Wind,Fall,1224
Wind,Fall,5710
Wind,Fall,15448
Wind,Spring,6239
Wind,Winter,7758
Wind,Spring,7990
Solar,Fall,3027
Solar,Fall,4473
Wind,Winter,4551
Solar,Fall,1635
Wind,Spring,8976
Wind,Fall,8188
Wind,Fall,6818
Wind,Spring,5777
Wind,Winter,2632
Solar,Spring,8531
Wind,Winter,12985
Wind,Winter,12160
Wind,Winter,13497
Wind,Winter,5234
Wind,Winter,10365
Wind,Spring,3298
Wind,Summer,4473
Wind,Winter,2915
Wind,Fall,11582
Wind,Winter,2370
Wind,Fall,5105
Solar,Summer,6402
Solar,Fall,4153
Wind,Winter,1127
Wind,Summer,6959
Wind,Winter,1323
Wind,Spring,5256
Wind,Summer,2890
Wind,Summer,1468
Wind,Winter,10225
Wind,Winter,10944
Wind,Summer,5222
Wind,Spring,725
Wind,Fall,3166
Wind,Summer,1496
Wind,Winter,6816
Wind,Fall,7138
Wind,Summer,1600
Wind,Spring,5565
Solar,Summer,9088
Wind,Fall,15770
Solar,Spring,5528
Wind,Fall,15300
Wind,Summer,10752
Solar,Summer,3859
Wind,Winter,1112
Wind,Fall,2797
Wind,Fall,5515
Wind,Fall,3659
Wind,Fall,3567
Wind,Winter,1902
Wind,Summer,1061
Wind,Fall,2376
Wind,Winter,6144
Wind,Winter,14675
Wind,Fall,4226
Wind,Summer,2893
Wind,Fall,1393
Solar,Summer,11478
Solar,Summer,6307
Wind,Fall,2190
Solar,Spring,7167
Wind,Summer,1826
Solar,Summer,4970
Wind,Winter,17264
Solar,Winter,7084
Wind,Summer,3103
Wind,Fall,11879
Wind,Spring,15820
Wind,Fall,5366
Wind,Fall,12524
Solar,Fall,3338
Wind,Winter,8495
Solar,Fall,7371
Solar,Summer,5193
Wind,Fall,16757
Wind,Spring,2964
Wind,Fall,3536
Wind,Spring,11549
Wind,Spring,12791
Solar,Spring,6063
Wind,Summer,3324
Wind,Summer,1272
Wind,Summer,2460
Wind,Winter,5102
Wind,Winter,18975
Solar,Spring,9340
Solar,Summer,4498
Wind,Summer,5123
Solar,Summer,9855
Solar,Summer,8375
Solar,Fall,8318
Wind,Spring,2105
Wind,Spring,4490
Wind,Summer,7535
Solar,Fall,5069
Solar,Fall,3616
Wind,Fall,10465
Wind,Spring,10914
Wind,Summer,6964
Wind,Spring,894
Wind,Summer,1875
Solar,Fall,5531
Wind,Winter,15160
Wind,Spring,4539
Wind,Winter,7047
Wind,Winter,3347
Solar,Fall,6957
Wind,Spring,4859
Wind,Spring,5649
Wind,Fall,4432
Wind,Winter,8531
Wind,Spring,10139
Wind,Fall,2789
Wind,Summer,4006
Wind,Fall,6023
Wind,Summer,3009
Wind,Fall,2152
Wind,Spring,2064
Wind,Summer,1397
Wind,Winter,1410
Solar,Summer,8796
Solar,Spring,10688
Solar,Summer,10231
Wind,Spring,2130
Wind,Fall,5120
Wind,Summer,14450
Wind,Summer,2348
Wind,Winter,3444
Wind,Winter,10092
Solar,Summer,4665
Wind,Summer,1182
Solar,Spring,6246
Wind,Fall,12149
Wind,Winter,9755
Wind,Winter,12571
Wind,Winter,9967
Wind,Winter,9685
Wind,Winter,3904
Solar,Summer,5588
Wind,Spring,1371
Wind,Winter,6602
Wind,Spring,10690
Solar,Summer,6490
Wind,Fall,5140
Wind,Spring,4251
Solar,Winter,3639
Wind,Spring,4344
Wind,Summer,8993
Solar,Spring,3799
Wind,Spring,5913
Wind,Winter,11643
Solar,Fall,5852
Wind,Spring,6218
Solar,Winter,6325
Wind,Summer,1057
Wind,Summer,9306
Wind,Winter,13480
Wind,Spring,7481
Wind,Summer,1478
Wind,Summer,3542
Wind,Spring,2177
Wind,Summer,3405
Wind,Summer,2105
Solar,Spring,7615
Wind,Winter,5975
Solar,Summer,4540
Wind,Summer,1596
Wind,Spring,17377
Wind,Summer,4873
Wind,Winter,4641
Wind,Spring,6629
Wind,Winter,7511
Wind,Fall,15434
Wind,Winter,3104
Wind,Spring,1900
Wind,Winter,3556
Wind,Fall,2872
Wind,Spring,6712
Solar,Summer,5911
Solar,Fall,1495
Wind,Fall,12650
Wind,Fall,7897
Wind,Spring,5774
Wind,Fall,6907
Wind,Fall,8506
Wind,Fall,6703
Wind,Spring,8261
Wind,Summer,2522
Wind,Winter,6542
Solar,Summer,4697
Wind,Summer,3666
Wind,Summer,1927
Solar,Spring,7694
Wind,Winter,487
Solar,Spring,5922
Solar,Summer,4295
Wind,Summer,778
Wind,Summer,4644
Wind,Summer,9861
Solar,Summer,6834
Wind,Summer,883
Wind,Fall,9135
Wind,Spring,10853
Wind,Fall,1733
Wind,Fall,10998
Solar,Fall,6131
Wind,Summer,1845
Wind,Spring,10835
Wind,Spring,3145
Wind,Summer,956
Wind,Summer,10880
Wind,Winter,8720
Wind,Spring,1907
Wind,Summer,5369
Wind,Summer,5374
Wind,Fall,2196
Wind,Fall,11616
Solar,Fall,4384
Wind,Winter,5452
Wind,Spring,3497
Solar,Spring,5446
Wind,Spring,10262
Wind,Summer,4379
Wind,Fall,2597
Wind,Fall,5351
Solar,Winter,3129
Wind,Spring,9489
Solar,Fall,5808
Wind,Winter,10052
Wind,Spring,1788
Wind,Spring,5769
Wind,Spring,8150
Wind,Spring,13965
Wind,Spring,8242
Wind,Winter,15999
Wind,Spring,6477
Wind,Spring,3806
Solar,Fall,7954
Wind,Spring,7417
Wind,Winter,2111
Wind,Winter,6240
Wind,Spring,3542
Wind,Fall,7495
Wind,Fall,5807
Wind,Winter,12892
Wind,Spring,12543
Wind,Winter,6733
Solar,Fall,6102
Wind,Fall,1464
Wind,Winter,14493
Wind,Spring,6520
Wind,Spring,7162
Wind,Summer,9995
Wind,Fall,16325
Wind,Fall,6061
Wind,Spring,1521
Wind,Winter,3054
Wind,Summer,1611
Wind,Winter,4051
Wind,Winter,6687
Solar,Spring,4055
Wind,Summer,8549
Wind,Fall,3718
Solar,Fall,4437
Wind,Fall,2030
Solar,Summer,9554
Solar,Fall,3942
Wind,Spring,5307
Solar,Spring,6346
Wind,Fall,4935
Wind,Fall,5919
Wind,Spring,2993
Solar,Winter,4315
Solar,Summer,2477
Wind,Winter,1998
Wind,Summer,8678
Wind,Spring,1206
Wind,Spring,1228
Wind,Spring,2951
Wind,Winter,8670
Solar,Summer,5625
Wind,Spring,7713
Wind,Fall,7629
Wind,Fall,7387
Wind,Fall,2482
Wind,Winter,10324
Wind,Winter,5469
Wind,Fall,5147
Wind,Spring,6931
Wind,Spring,13439
Wind,Spring,712
Solar,Summer,5042
Wind,Fall,4539
Solar,Fall,3732
Wind,Fall,8994
Wind,Summer,5602
Wind,Fall,14148
Wind,Winter,2263
Wind,Spring,1900
Wind,Fall,2836
Wind,Spring,5334
Wind,Fall,3466
Solar,Summer,8328
Wind,Fall,1546
Wind,Spring,8075
Wind,Winter,13396
Solar,Spring,4291
Solar,Fall,5818
Wind,Summer,1867
Wind,Fall,1223
Solar,Summer,6713
Wind,Summer,2400
Wind,Spring,6557
Wind,Summer,6081
Wind,Fall,1792
Wind,Spring,9690
Wind,Spring,1434
Wind,Spring,6528
Solar,Summer,8983
Wind,Fall,5346
Wind,Winter,5384
Solar,Spring,5961
Wind,Summer,2404
Wind,Winter,3330
Wind,Summer,936
Wind,Fall,4769
Solar,Summer,3938
Wind,Summer,3488
Wind,Winter,1298
Wind,Fall,4267
Solar,Spring,5220
Wind,Fall,2449
Wind,Winter,13745
Wind,Summer,5018
Wind,Winter,5399
Wind,Spring,4916
Wind,Winter,1605
Solar,Summer,6235
Solar,Fall,4930
Wind,Spring,3791
Wind,Fall,13285
Wind,Fall,12593
Solar,Summer,6471
Wind,Fall,2419
Wind,Spring,4118
Solar,Spring,8174
Wind,Fall,1168
Wind,Summer,2319
Solar,Summer,4684
Wind,Fall,2465
Wind,Spring,8852
Wind,Fall,2697
Wind,Summer,8639
Wind,Summer,9681
Wind,Summer,1918
Wind,Summer,8881
Wind,Spring,906
Wind,Spring,7041
Wind,Spring,2521
Wind,Winter,3696
Solar,Spring,5659
Wind,Winter,9297
Wind,Summer,1340
Wind,Winter,8067
Wind,Winter,2161
Wind,Summer,2355
Wind,Summer,1053
Wind,Winter,11258
Wind,Winter,9275
Wind,Winter,1854
Wind,Spring,6724
Solar,Summer,4183
Wind,Winter,20500
Wind,Spring,12926
Wind,Spring,713
Wind,Summer,5251
Wind,Fall,11739
Wind,Summer,930
Wind,Winter,14468
Wind,Winter,15550
Wind,Spring,3309
Wind,Fall,805
Wind,Fall,12163
Wind,Fall,3659
Wind,Winter,10200
Wind,Fall,12874
Wind,Winter,18114
Wind,Winter,17307
Wind,Summer,3747
Wind,Summer,1750
Wind,Summer,2191
Wind,Spring,21172
Wind,Winter,7199
Wind,Spring,1675
Solar,Fall,7784
Wind,Summer,2231
Wind,Spring,556
Wind,Spring,13751
Wind,Winter,2590
Wind,Spring,975
Wind,Spring,8827
Solar,Fall,9787
Wind,Winter,6095
Wind,Summer,2629
Solar,Spring,6365
Wind,Fall,17724
Wind,Summer,4438
Solar,Spring,4347
Solar,Fall,2461
Wind,Spring,6309
Wind,Fall,2749
Wind,Spring,6040
Wind,Winter,1036
Wind,Fall,4109
Wind,Summer,5175
Solar,Summer,4821
Wind,Summer,5209
Solar,Spring,5622
Wind,Spring,1746
Wind,Spring,514
Solar,Spring,5162
Wind,Winter,2352
Wind,Fall,7116
Wind,Spring,1685
Wind,Summer,3653
Wind,Summer,5029
Solar,Summer,6767
Solar,Fall,8323
Wind,Spring,8926
Wind,Spring,1493
Solar,Fall,5271
Wind,Winter,16407
Wind,Spring,2038
Wind,Fall,1986
Wind,Fall,245
Wind,Winter,7659
Wind,Fall,15164
Solar,Spring,5853
Wind,Winter,9137
Wind,Summer,4826
Wind,Winter,13562
Wind,Summer,525
Wind,Winter,10647
Wind,Fall,4408
Wind,Fall,4332
Wind,Fall,525
Wind,Fall,10208
Wind,Summer,4074
Wind,Spring,4334
Wind,Summer,12352
Solar,Spring,13676
Wind,Summer,4955
Wind,Winter,5379
Solar,Winter,2654
Wind,Spring,7661
Wind,Fall,16187
Wind,Summer,3276
Solar,Winter,5164
Solar,Spring,6419
Wind,Fall,5871
Wind,Fall,1752
Wind,Summer,5316
Wind,Winter,16307
Wind,Spring,5469
Wind,Spring,7493
Wind,Fall,2772
Solar,Fall,1324
Wind,Fall,477
Wind,Winter,7168
Wind,Fall,2844
Wind,Summer,4430
Wind,Summer,708
Solar,Summer,4215
Wind,Winter,5884
Wind,Spring,12156
Wind,Winter,9342
Wind,Winter,2614
Wind,Winter,7478
Wind,Fall,1560
Wind,Spring,8017
Wind,Summer,3276
Wind,Fall,3479
Wind,Spring,5476
Wind,Winter,3375
Solar,Fall,5374
Wind,Fall,9221
Solar,Winter,3477
Wind,Spring,6864
Wind,Fall,7522
Wind,Fall,3013
Solar,Spring,3420
Wind,Winter,1455
Wind,Fall,3796
Wind,Fall,1212
Wind,Winter,4810
Wind,Spring,6806
Solar,Fall,5685
Wind,Fall,18274
Wind,Fall,6191
Wind,Winter,1923
Wind,Spring,6296
Wind,Spring,6102
Wind,Winter,13925
Solar,Spring,6760
Solar,Spring,5569
Wind,Winter,8388
Wind,Summer,3562
Wind,Spring,5745
Wind,Summer,4739
Wind,Summer,9494
Wind,Summer,2524
Wind,Winter,2268
Wind,Summer,16980
Wind,Spring,4509
Wind,Fall,2891
Solar,Spring,8284
Solar,Winter,9622
Wind,Spring,2417
Solar,Summer,6985
Wind,Fall,1459
Wind,Winter,1663
Wind,Summer,6989
Wind,Spring,12588
Wind,Fall,17019
Wind,Summer,2387
Solar,Summer,3071
Wind,Spring,3028
Wind,Spring,3736
Solar,Spring,2497
Wind,Spring,15488
Solar,Winter,6265
Wind,Winter,8656
Wind,Summer,2381
Wind,Summer,3757
Wind,Winter,3406
Wind,Summer,10162
Solar,Summer,5674
Wind,Spring,6801
Wind,Fall,6028
Wind,Spring,20075
Solar,Summer,8025
Wind,Summer,9387
Solar,Spring,4140
Wind,Winter,8496
Wind,Spring,6290
Wind,Summer,7231
Wind,Summer,3633
Wind,Winter,11792
Solar,Summer,6607
Solar,Summer,4827
Wind,Summer,8959
Wind,Summer,6809
Wind,Fall,3579
Wind,Summer,3284
Wind,Spring,10855
Wind,Winter,7362
Wind,Summer,4620
Wind,Spring,13322
Wind,Winter,1969
Wind,Fall,5286
Wind,Fall,4754
Wind,Summer,14071
Wind,Fall,1821
Solar,Fall,10679
Wind,Summer,8845
Wind,Summer,4974
Wind,Winter,8837
Wind,Winter,7330
Wind,Spring,7881
Wind,Fall,1624
Solar,Summer,4410
Solar,Summer,3384
Wind,Summer,10394
Wind,Fall,2532
Wind,Fall,1024
Solar,Spring,5976
Wind,Spring,5982
Wind,Fall,3405
Wind,Winter,6570
Wind,Spring,2248
Wind,Spring,5856
Wind,Fall,2564
Wind,Summer,3766
Wind,Fall,5700
Wind,Winter,2603
Wind,Fall,513
Wind,Winter,9834
Wind,Fall,9314
Wind,Summer,3918
Wind,Summer,1458
Solar,Summer,6090
Solar,Winter,6198
Solar,Summer,6839
Wind,Winter,11855
Wind,Winter,8380
Wind,Fall,2418
Wind,Summer,4084
Wind,Winter,6861
Solar,Summer,3337
Solar,Summer,3236
Solar,Fall,6674
Wind,Winter,12337
Solar,Summer,4836
Wind,Summer,2350
Wind,Summer,3281
Wind,Fall,2375
Wind,Winter,3323
Wind,Fall,15849
Wind,Spring,2097
Wind,Spring,2983
Solar,Fall,3747
Wind,Spring,9807
Wind,Winter,7888
Wind,Winter,3977
Wind,Spring,3827
Wind,Spring,6116
Wind,Summer,3652
Wind,Summer,3199
Wind,Summer,4482
Wind,Spring,4090
Wind,Fall,1101
Wind,Spring,1160
Solar,Spring,6833
Wind,Winter,2764
Wind,Winter,5295
Wind,Spring,8059
Wind,Fall,764
Wind,Spring,7492
Wind,Summer,4224
Wind,Spring,5774
Wind,Spring,3276
Solar,Summer,6726
Solar,Summer,6767
Solar,Summer,4993
Wind,Winter,1073
Wind,Fall,2745
Wind,Summer,2934
Wind,Winter,3066
Wind,Fall,5438
Solar,Spring,4537
Wind,Fall,6522
Wind,Summer,3250
Wind,Summer,1348
Wind,Spring,14023
Wind,Fall,6683
Wind,Spring,7316
Wind,Fall,2116
Wind,Fall,4684
Wind,Fall,10876
Wind,Spring,13614
Wind,Fall,5127
Wind,Fall,6877
Wind,Winter,8444
Wind,Fall,7788
Wind,Winter,7616
Solar,Summer,5531
Wind,Fall,2088
Solar,Summer,10259
Wind,Winter,14791
Wind,Spring,1510
Wind,Fall,1636
Wind,Fall,2090
Wind,Spring,4946
Wind,Spring,15758
Wind,Spring,4408
Wind,Fall,1419
Wind,Summer,2696
Wind,Summer,14264
Wind,Spring,6277
Wind,Fall,6012
Wind,Fall,3142
Wind,Summer,4161
Wind,Winter,2577
Solar,Spring,5002
Solar,Summer,6321
Wind,Summer,5239
Wind,Spring,5437
Wind,Winter,1242
Wind,Winter,6484
Wind,Fall,3250
Wind,Fall,11720
Wind,Spring,10265
Wind,Fall,10591
Wind,Spring,9593
Wind,Spring,4611
Wind,Summer,5596
Wind,Winter,11283
Wind,Winter,6767
Wind,Summer,7440
Wind,Spring,657
Wind,Summer,7459
Wind,Winter,13912
Solar,Spring,5597
Wind,Fall,4034
Wind,Fall,12969
Wind,Spring,7181
Wind,Winter,8326
Wind,Spring,4506
Wind,Fall,3252
Wind,Fall,2791
Wind,Spring,8251
Solar,Summer,7037
Wind,Spring,2314
Wind,Fall,7836
Wind,Fall,1755
Wind,Spring,4587
Wind,Winter,6618
Wind,Fall,522
Wind,Fall,733
Wind,Spring,3925
Wind,Winter,2984
Solar,Summer,5462
Wind,Summer,3680
Wind,Spring,4076
Wind,Fall,9801
Wind,Summer,2155
Wind,Summer,3722
Wind,Fall,12917
Solar,Fall,4975
Wind,Spring,4799
Wind,Summer,9072
Wind,Summer,2111
Wind,Winter,6019
Wind,Spring,5054
Wind,Fall,7426
Wind,Spring,4783
Wind,Fall,2662
Wind,Summer,3600
Wind,Summer,2502
Wind,Spring,6916
Wind,Winter,4008
Wind,Spring,12263
Wind,Fall,1317
Wind,Spring,6082
Wind,Fall,5325
Wind,Fall,6278
Solar,Spring,5775
Wind,Fall,3106
Wind,Summer,1640
Wind,Spring,8105
Wind,Summer,4330
Solar,Fall,3345
Wind,Summer,8102
Wind,Spring,9129
Wind,Fall,4898
Wind,Spring,3137
Wind,Winter,1861
Wind,Winter,15556
Wind,Winter,4394
Wind,Fall,10818
Solar,Spring,2973
Wind,Winter,2929
Wind,Fall,2822
Wind,Fall,3769
Wind,Winter,5277
Wind,Summer,10878
Wind,Summer,4862
Wind,Winter,15764
Solar,Summer,7019
Wind,Winter,3155
Wind,Fall,9100
Wind,Winter,910
Wind,Fall,13739
Wind,Summer,4974
Wind,Fall,5467
Solar,Summer,9539
Solar,Fall,3777
Wind,Winter,14254
Wind,Fall,1783
Wind,Winter,7886
Wind,Spring,5074
Wind,Fall,5536
Wind,Summer,2420
Wind,Fall,5590
Wind,Fall,6346
Wind,Winter,11924
Wind,Spring,7995
Wind,Summer,5624
Solar,Summer,5001
Wind,Summer,2828
Wind,Spring,5721
Wind,Summer,2901
Solar,Summer,4468
Solar,Summer,3518
Wind,Fall,10652
Solar,Spring,2387
Wind,Spring,7457
Wind,Spring,8373
Wind,Winter,5548
Solar,Summer,6197
Solar,Summer,6043
Wind,Winter,14825
Wind,Winter,8808
Wind,Fall,6592
Wind,Winter,1627
Wind,Fall,14445
Wind,Summer,2144
Wind,Spring,2623
Wind,Spring,2875
Wind,Winter,4061
Solar,Fall,1835
Wind,Fall,3274
Wind,Spring,4064
Solar,Summer,7363
Wind,Spring,6697
Wind,Fall,1793
Wind,Spring,879
Solar,Summer,4095
Solar,Spring,5672
Solar,Summer,10645
Wind,Winter,14253
Wind,Summer,2649
Wind,Spring,15743
Wind,Summer,5093
Wind,Spring,7037
Wind,Winter,9309
Solar,Winter,1871
Solar,Summer,13109
Wind,Summer,2917
Wind,Winter,9363
Solar,Spring,9527
Wind,Fall,2010
Wind,Winter,1604
Wind,Spring,16341
Wind,Winter,6637
Wind,Fall,3929
Wind,Winter,1172
Wind,Fall,5375
Wind,Winter,3009
Wind,Winter,22043
Solar,Summer,9373
Wind,Fall,19031
Wind,Summer,845
Wind,Summer,1802
Solar,Summer,3111
Wind,Spring,4677
Wind,Spring,15300
Wind,Spring,2059
Wind,Winter,5504
Wind,Spring,3839
Wind,Spring,5591
Wind,Spring,6936
Wind,Summer,6760
Wind,Fall,6457
Wind,Spring,2056
Solar,Summer,4885
Wind,Summer,3435
Solar,Summer,4325
Wind,Summer,3834
Wind,Spring,8005
Wind,Spring,9778
Wind,Summer,7405
Wind,Winter,6090
Wind,Winter,7607
Wind,Summer,1209
Solar,Spring,5407
Wind,Winter,3155
Wind,Summer,10581
Solar,Summer,6990
Wind,Spring,4102
Wind,Summer,7713
Wind,Spring,2949
Wind,Summer,2869
Wind,Fall,3926
Wind,Spring,4035
Wind,Spring,2867
Solar,Fall,5880
Wind,Fall,7202
Wind,Spring,15859
Wind,Fall,13152
Wind,Winter,5578
Wind,Spring,7756
Solar,Summer,5069
Solar,Winter,1114
Wind,Summer,1136
Wind,Fall,6686
Solar,Summer,4861
Solar,Summer,6546
Solar,Summer,7174
Wind,Summer,2116
Solar,Winter,3571
Wind,Spring,7880
Wind,Summer,5129
Wind,Spring,12710
Wind,Summer,2891
Wind,Winter,10321
Wind,Fall,1605
Wind,Summer,5719
Solar,Spring,2867
Wind,Winter,2891
Wind,Summer,7180
Wind,Spring,1954
Wind,Summer,2357
Wind,Spring,6406
Wind,Spring,7949
Wind,Fall,9763
Wind,Spring,8135
Wind,Summer,2753
Wind,Fall,2858
Wind,Spring,8978
Wind,Winter,1986
Wind,Summer,4501
Solar,Spring,8128
Wind,Summer,8795
Wind,Winter,2238
Wind,Summer,4852
Wind,Summer,4798
Wind,Spring,13652
Solar,Summer,6657
Wind,Winter,7835
Wind,Winter,1699
Solar,Spring,6711
Solar,Summer,4357
Wind,Spring,2688
Wind,Summer,868
Wind,Fall,313
Wind,Spring,3361
Solar,Fall,4933
Wind,Spring,7031
Wind,Fall,12769
Wind,Spring,6724
Wind,Fall,15126
Wind,Summer,2691
Wind,Winter,7222
Wind,Summer,3841
Wind,Winter,14856
Wind,Fall,2918
Wind,Summer,1492
Wind,Spring,2577
Solar,Spring,3383
Wind,Fall,3686
Wind,Fall,8882
Wind,Winter,2329
Solar,Spring,9731
Wind,Fall,8112
Wind,Summer,3676
Solar,Spring,6177
Wind,Fall,3875
Wind,Summer,4432
Wind,Spring,9742
Wind,Spring,4315
Wind,Fall,1746
Wind,Winter,8533
Wind,Fall,10025
Wind,Summer,2194
Wind,Winter,10609
Wind,Spring,3876
Wind,Spring,15134
Wind,Winter,5336
Wind,Spring,1683
Wind,Fall,5526
Wind,Winter,4300
Wind,Summer,3976
Wind,Winter,12351
Wind,Fall,6622
Wind,Fall,1142
Wind,Spring,6164
Solar,Fall,6121
Wind,Summer,1848
Wind,Fall,811
Wind,Spring,9974
Wind,Winter,20266
Wind,Winter,11863
Wind,Summer,1314
Wind,Fall,4569
Wind,Winter,3941
Wind,Fall,8304
Wind,Spring,12488
Wind,Fall,8614
Wind,Summer,9214
Wind,Fall,13981
Wind,Fall,9488
Solar,Fall,10562
Solar,Fall,4322
Wind,Fall,8099
Wind,Spring,4140
Wind,Winter,6179
Wind,Summer,1018
Solar,Spring,9414
Wind,Spring,10025
Wind,Fall,1907
Wind,Winter,8716
Wind,Spring,3971
Wind,Fall,2505
Wind,Fall,6061
Solar,Summer,9521
Wind,Fall,9046
Wind,Winter,2115
Wind,Spring,7215
Wind,Winter,7054
Solar,Fall,4331
Wind,Fall,622
Wind,Winter,14424
Wind,Summer,9841
Wind,Winter,7016
Wind,Summer,12675
Wind,Winter,13984
Wind,Spring,2636
Wind,Fall,8937
Wind,Winter,1946
Wind,Winter,6656
Wind,Fall,2406
Wind,Summer,7727
Wind,Winter,5302
Solar,Fall,4607
Wind,Spring,14615
Wind,Winter,11043
Wind,Spring,8468
Wind,Spring,9254
Wind,Spring,6183
Solar,Summer,6448
Wind,Summer,4944
Wind,Winter,15725
Wind,Summer,1917
Wind,Fall,7671
Wind,Spring,3939
Wind,Winter,5685
Wind,Summer,2368
Solar,Winter,2622
Wind,Fall,11135
Wind,Summer,2050
Wind,Winter,3531
Solar,Summer,4862
Wind,Winter,4169
Wind,Fall,2215
Wind,Summer,1150
Solar,Summer,6538
Wind,Fall,2700
Wind,Fall,800
Wind,Spring,6087
Wind,Spring,7693
Wind,Winter,13622
Wind,Spring,3522
Wind,Spring,3321
Wind,Spring,9623
Wind,Spring,12042
Wind,Fall,1153
Wind,Fall,584
Wind,Summer,5792
Wind,Fall,3432
Wind,Spring,10430
Solar,Fall,3781
Wind,Winter,15275
Wind,Winter,7462
Wind,Summer,6505
Wind,Summer,2086
Wind,Spring,3469
Wind,Fall,3597
Wind,Spring,3158
Wind,Spring,4444
Wind,Fall,3238
Wind,Spring,2865
Wind,Spring,1690
Solar,Summer,8737
Wind,Summer,2172
Wind,Summer,2957
Wind,Winter,10560
Wind,Winter,11260
Wind,Summer,4398
Wind,Summer,7253
Wind,Spring,11249
Wind,Fall,687
Wind,Fall,8058
Solar,Summer,6244
Wind,Spring,996
Wind,Spring,10457
Wind,Summer,957
Wind,Summer,4506
Wind,Summer,14771
Solar,Summer,9607
Wind,Winter,8371
Wind,Spring,5803
Wind,Spring,5905
Wind,Spring,3524
Wind,Winter,5125
Wind,Summer,731
Solar,Summer,4652
Wind,Summer,931
Wind,Spring,6946
Wind,Summer,1820
Wind,Summer,11480
Wind,Fall,663
Wind,Winter,1571
Solar,Winter,3281
Solar,Spring,3016
Wind,Summer,11586
Wind,Spring,2572
Solar,Spring,7699
Wind,Winter,1931
Wind,Fall,3916
Wind,Summer,9065
Wind,Fall,4683
Wind,Spring,5907
Wind,Winter,2643
Wind,Spring,7850
Wind,Spring,5296
Wind,Spring,723
Solar,Spring,5971
Wind,Summer,1452
Wind,Spring,3067
Wind,Winter,14492
Wind,Spring,7658
Solar,Spring,9558
Wind,Spring,2303
Wind,Summer,862
Wind,Winter,19004
Wind,Fall,11103
Wind,Summer,4876
Wind,Fall,1416
Solar,Summer,6580
Wind,Winter,6857
Wind,Summer,2043
Wind,Winter,9716
Wind,Fall,1111
Wind,Summer,8306
Wind,Spring,8495
Wind,Spring,2181
Wind,Summer,4332
Wind,Fall,1768
Wind,Summer,5404
Wind,Spring,2979
Wind,Spring,5054
Wind,Summer,7339
Wind,Winter,2193
Solar,Winter,3018
Wind,Spring,8152
Wind,Fall,1961
Wind,Winter,12264
Solar,Summer,6067
Solar,Fall,10058
Solar,Spring,4810
Wind,Spring,703
Solar,Winter,7999
Wind,Fall,8643
Wind,Summer,1578
Wind,Winter,4218
Wind,Winter,15968
Wind,Spring,11075
Wind,Spring,3806
Wind,Summer,12018
Solar,Spring,4911
Solar,Winter,3145
Wind,Fall,4372
Wind,Fall,3514
Wind,Winter,7645
Wind,Summer,4111
Solar,Fall,5298
Wind,Fall,13899
Solar,Summer,7806
Wind,Winter,14976
Wind,Fall,5188
Wind,Summer,11855
Wind,Spring,11938
Wind,Fall,3222
Wind,Summer,2733
Wind,Fall,1704
Wind,Fall,1114
Wind,Summer,1373
Wind,Winter,8949
Wind,Summer,1723
Wind,Summer,6431
Solar,Spring,4662
Wind,Spring,12710
Solar,Spring,3757
Solar,Summer,11291
Wind,Fall,8069
Wind,Fall,9441
Wind,Summer,6801
Wind,Summer,7247
Solar,Summer,4302
Wind,Summer,1791
Wind,Fall,7242
Wind,Summer,8474
Wind,Fall,11622
Solar,Spring,5360
Wind,Fall,6705
Wind,Summer,1436
Wind,Spring,703
Wind,Summer,1268
Wind,Summer,3830
Wind,Summer,670
Wind,Spring,8343
Wind,Winter,5199
Wind,Spring,9278
Wind,Spring,8931
Wind,Winter,12428
Wind,Winter,7810
Wind,Spring,7089
Wind,Fall,5141
Wind,Spring,4906
Wind,Spring,9137
Wind,Winter,8535
Wind,Summer,1047
Wind,Spring,5598
Solar,Fall,3974
Wind,Spring,9201
Wind,Winter,8999
Wind,Fall,3828
Wind,Summer,1099
Wind,Summer,2095
Wind,Spring,748
Wind,Winter,1281
Wind,Spring,7218
Wind,Winter,8152
Wind,Fall,14843
Wind,Fall,5286
Wind,Fall,6481
Wind,Winter,10235
Wind,Summer,5773
Solar,Summer,5357
Wind,Winter,19987
Solar,Winter,6363
Wind,Winter,8829
Wind,Summer,5728
Wind,Fall,3854
Wind,Fall,12666
Wind,Winter,5569
Solar,Spring,3967
Wind,Fall,8530
Solar,Spring,8311
Wind,Winter,12013
Wind,Fall,6221
Wind,Winter,5385
Wind,Spring,4245
Wind,Spring,5750
Wind,Winter,19398
Wind,Winter,3021
Solar,Summer,6997
Wind,Summer,2022
Wind,Fall,8658
Wind,Winter,6057
Solar,Summer,5654
Wind,Fall,12421
Solar,Winter,6270
Solar,Fall,3326
Wind,Summer,3348
Wind,Winter,6624
Wind,Summer,1461
Wind,Summer,1906
Solar,Fall,4987
Solar,Summer,8282
Wind,Winter,17690
Wind,Winter,10776
Wind,Winter,5618
Wind,Summer,1887
Wind,Fall,12258
Solar,Spring,6175
Wind,Winter,17302
Wind,Summer,7604
Wind,Spring,4610
Wind,Spring,9646
Wind,Winter,12295
Wind,Winter,9320
Wind,Summer,2130
Wind,Winter,11737
Solar,Summer,6084
Wind,Spring,5157
Wind,Fall,2683
Wind,Summer,8525
Wind,Fall,7414
Solar,Fall,4418
Wind,Fall,5596
Wind,Winter,13913
Wind,Spring,4642
Wind,Winter,10820
Wind,Winter,1187
Wind,Summer,6737
Solar,Summer,4570
Wind,Winter,3005
Wind,Spring,13908
Wind,Winter,11122
Wind,Summer,7195
Wind,Winter,5894
Wind,Spring,4469
Wind,Summer,3632
Wind,Spring,8565
Wind,Summer,6804
Wind,Spring,1032
Wind,Winter,1053
Wind,Winter,4478
Solar,Winter,2676
Wind,Winter,5048
Wind,Winter,1507
Wind,Summer,13262
Wind,Fall,13923
Wind,Spring,4856
Wind,Summer,3097
Wind,Fall,4843
Wind,Spring,12402
Solar,Summer,8283
Wind,Summer,2488
Wind,Summer,748
Wind,Spring,3329
Wind,Spring,4906
Wind,Spring,9607
Wind,Summer,4242
Solar,Fall,5525
Solar,Fall,3848
Wind,Winter,1679
Wind,Spring,12628
Solar,Fall,4522
Wind,Fall,6769
Solar,Spring,8049
Wind,Spring,6278
Wind,Spring,10352
Wind,Fall,12061
Wind,Spring,2538
Wind,Summer,7756
Wind,Spring,8619
Solar,Fall,9343
Solar,Summer,4377
Wind,Fall,15308
Solar,Spring,2989
Wind,Summer,3204
Wind,Summer,3073
Wind,Spring,13826
Solar,Spring,3558
Solar,Fall,5714
Wind,Spring,9414
Wind,Summer,456
Wind,Summer,6769
Wind,Fall,6134
Wind,Spring,3293
Wind,Summer,2988
Wind,Fall,15812
Wind,Fall,1932
Wind,Spring,1278
Solar,Spring,5469
Wind,Spring,9635
Wind,Summer,12317
Wind,Fall,4625
Wind,Fall,9132
Wind,Summer,590
Wind,Fall,7118
Wind,Spring,5487
Wind,Summer,1451
Solar,Spring,6179
Wind,Spring,5144
Wind,Winter,2507
Wind,Summer,3684
Wind,Spring,6133
Wind,Fall,5244
Wind,Summer,11156
Solar,Summer,8159
Solar,Summer,8810
Wind,Spring,4949
Wind,Winter,1253
Wind,Winter,4927
Wind,Fall,1575
Wind,Fall,20597
Wind,Summer,1750
Wind,Summer,4575
Wind,Summer,7365
Wind,Summer,2542
Wind,Fall,1247
Wind,Summer,5065
Wind,Spring,7386
Wind,Summer,3366
Wind,Fall,14535
Wind,Summer,9129
Wind,Summer,1153
Wind,Summer,12004
Solar,Summer,1628
Solar,Summer,5923
Wind,Winter,8370
Solar,Fall,6407
Solar,Fall,3648
Wind,Summer,3517
Wind,Fall,3815
Solar,Spring,2530
Wind,Winter,7990
Wind,Spring,3169
Wind,Fall,3184
Solar,Summer,1101
Wind,Fall,2421
Wind,Summer,863
Wind,Summer,1054
Wind,Fall,12891
Wind,Winter,3478
Wind,Spring,2748
Wind,Winter,4665
Wind,Spring,5119
Wind,Fall,672
Wind,Fall,4388
Wind,Fall,13386
Wind,Spring,9672
Wind,Winter,17332
Solar,Summer,6675
Wind,Winter,495
Wind,Winter,8261
Wind,Fall,6086
Wind,Fall,6004
Wind,Winter,10703
Wind,Spring,4256
Wind,Winter,2611
Wind,Spring,9361
Solar,Spring,4778
Solar,Summer,2085
Wind,Winter,11230
Solar,Summer,5603
Wind,Fall,6529
Wind,Winter,3223
Solar,Fall,2249
Wind,Winter,6469
Wind,Fall,2430
Wind,Spring,3904
Wind,Spring,1359
Wind,Summer,2263
Solar,Summer,3124
Solar,Fall,5213
Wind,Spring,9699
Wind,Spring,5747
Wind,Fall,7311
Solar,Summer,4931
Wind,Fall,3245
Solar,Summer,4012
Wind,Spring,3814
Wind,Winter,6304
Wind,Winter,6285
Wind,Spring,2699
Wind,Fall,2959
Solar,Summer,3372
Wind,Summer,4171
Wind,Winter,7229
Wind,Spring,10556
Wind,Fall,6790
Wind,Fall,3351
Wind,Winter,17545
Wind,Fall,11901
Wind,Summer,2703
Wind,Spring,9888
Wind,Winter,4619
Wind,Spring,2661
Wind,Spring,8108
Wind,Winter,6714
Wind,Winter,4609
Wind,Fall,5080
Solar,Summer,3604
Wind,Spring,5428
Wind,Fall,10168
Wind,Fall,9771
Wind,Summer,2631
Wind,Spring,2543
Wind,Winter,14145
Solar,Summer,5653
Wind,Spring,7848
Wind,Winter,9936
Solar,Fall,9204
Wind,Spring,2275
Wind,Winter,5165
Solar,Fall,3666
Solar,Spring,6436
Solar,Spring,4067
Solar,Fall,5438
Wind,Winter,13040
Wind,Spring,1502
Solar,Spring,5337
Solar,Summer,4098
Wind,Spring,15839
Wind,Spring,3360
Wind,Fall,1232
Wind,Fall,8717
Wind,Winter,3249
Solar,Summer,6716
Wind,Summer,3345
Wind,Winter,9868
Wind,Winter,16745
Wind,Winter,6803
Solar,Spring,5202
Wind,Winter,19348
Wind,Fall,10350
Wind,Winter,4558
Wind,Summer,4486
Wind,Summer,2101
Wind,Winter,2064
Wind,Summer,3667
Wind,Fall,210
Wind,Winter,1322
Wind,Spring,10187
Wind,Summer,7186
Solar,Winter,2874
Wind,Spring,5427
Wind,Fall,8606
Wind,Spring,3786
Wind,Fall,15504
Wind,Spring,5875
Wind,Winter,2136
Solar,Summer,5355
Solar,Summer,4159
Wind,Winter,11283
Wind,Winter,4846
Wind,Fall,1887
Wind,Fall,2642
Wind,Summer,2390
Wind,Winter,4246
Wind,Fall,4798
Wind,Summer,1584
Wind,Winter,3812
Wind,Summer,9893
Wind,Winter,6952
Wind,Winter,328
Wind,Fall,15890
Wind,Winter,2347
Wind,Winter,4193
Wind,Fall,1554
Solar,Summer,5689
Wind,Spring,9264
Wind,Summer,2456
Wind,Summer,10176
Wind,Spring,4271
Wind,Spring,6405
Wind,Winter,10749
Wind,Winter,7802
Wind,Summer,2045
Solar,Winter,7077
Wind,Summer,12740
Wind,Summer,2445
Wind,Winter,2391
Wind,Fall,1953
Wind,Fall,6119
Wind,Summer,5539
Wind,Winter,1410
Wind,Winter,4487
Wind,Summer,1208
Wind,Winter,4574
Wind,Fall,21544
Wind,Winter,5916
Wind,Spring,5566
Wind,Winter,5002
Wind,Winter,5813
Wind,Winter,12983
Wind,Spring,9003
Wind,Winter,8412
Wind,Winter,4002
Wind,Fall,6474
Wind,Spring,5489
Wind,Summer,7412
Wind,Summer,1451
Wind,Fall,8245
Solar,Spring,3050
Solar,Winter,5754
Wind,Summer,15356
Wind,Fall,2272
Solar,Spring,7952
Wind,Spring,6551
Wind,Fall,13306
Wind,Fall,7887
Solar,Spring,6137
Wind,Spring,3759
Wind,Spring,4032
Wind,Winter,13392
Wind,Winter,1794
Wind,Winter,3434
Wind,Spring,11510
Solar,Spring,3352
Wind,Fall,1545
Wind,Spring,6232
Wind,Fall,10920
Wind,Winter,1467
Solar,Summer,4734
Wind,Spring,10320
Wind,Winter,5433
Wind,Winter,9207
Wind,Winter,4137
Solar,Summer,5199
Solar,Fall,5084
Solar,Winter,3903
Wind,Summer,3233
Wind,Winter,3255
Solar,Spring,4800
Wind,Spring,4492
Solar,Spring,5849
Wind,Winter,6303
Wind,Summer,3439
Wind,Fall,3662
Wind,Winter,3163
Wind,Winter,5961
Wind,Spring,6888
Wind,Summer,10230
Wind,Fall,20785
Wind,Summer,3158
Wind,Fall,2741
Wind,Spring,1788
Wind,Winter,10639
Solar,Fall,4649
Wind,Winter,3948
Wind,Spring,5441
Wind,Fall,3618
Wind,Summer,1737
Wind,Winter,2799
Wind,Winter,19928
Wind,Spring,4768
Wind,Fall,2888
Wind,Fall,3242
Wind,Summer,839
Solar,Fall,2374
Wind,Summer,6052
Wind,Summer,1802
Wind,Summer,10632
Solar,Spring,8746
Wind,Spring,1068
Wind,Fall,3333
Wind,Summer,1421
Wind,Fall,9339
Solar,Fall,3552
Wind,Winter,2645
Wind,Summer,1307
Wind,Summer,1781
Wind,Winter,3287
Solar,Summer,5124
Wind,Fall,10615
Wind,Summer,748
Wind,Summer,2429
Wind,Winter,4988
Wind,Fall,1194
Wind,Fall,5812
Wind,Summer,13809
Wind,Winter,15375
Wind,Summer,9544
Wind,Fall,9941
Wind,Summer,1771
Wind,Winter,2043
Wind,Spring,1622
Solar,Spring,7807
Wind,Winter,13233
Wind,Fall,3948
Wind,Winter,2101
Solar,Summer,4181
Solar,Summer,9540
Solar,Summer,8820
Wind,Spring,10894
Wind,Fall,13513
Wind,Winter,9448
Solar,Fall,4368
Wind,Fall,10661
Wind,Fall,6441
Wind,Winter,6918
Wind,Spring,1643
Wind,Fall,1448
Solar,Fall,10145
Wind,Fall,10759
Wind,Fall,3453
Wind,Fall,13589
Wind,Summer,1434
Solar,Summer,2968
Wind,Fall,1861
Wind,Spring,3833
Wind,Winter,12667
Wind,Summer,4264
Wind,Spring,4139
Wind,Spring,9022
Wind,Fall,4322
Wind,Fall,1809
Wind,Winter,13600
Wind,Fall,1780
Wind,Spring,6777
Solar,Spring,2186
Wind,Summer,6466
Wind,Spring,9901
Wind,Winter,6869
Solar,Fall,4400
Solar,Summer,10829
Wind,Fall,10111
Wind,Winter,5665
Wind,Fall,6353
Wind,Fall,7894
Wind,Spring,4996
Wind,Summer,1831
Wind,Summer,3952
Wind,Summer,4387
Solar,Fall,4482
Solar,Summer,7469
Wind,Winter,1005
Wind,Spring,7350
Solar,Winter,6445
Wind,Spring,2336
Wind,Winter,7209
Wind,Fall,4748
Wind,Summer,2097
Wind,Summer,2316
Wind,Spring,5000
Wind,Fall,1171
Wind,Winter,5262
Wind,Spring,8311
Wind,Winter,3845
Wind,Fall,8892
Wind,Winter,14537
Wind,Summer,7743
Wind,Summer,7459
Wind,Fall,4458
Solar,Fall,4853
Wind,Winter,12191
Wind,Fall,7605
Solar,Summer,2665
Wind,Summer,5201
Wind,Summer,3421
Wind,Spring,5525
Wind,Fall,4365
Wind,Winter,6272
Solar,Spring,4484
Wind,Spring,5301
Wind,Summer,5340
Wind,Summer,1412
Wind,Summer,508
Wind,Fall,8438
Solar,Summer,5524
Solar,Summer,8686
Wind,Fall,5617
Solar,Spring,11508
Solar,Spring,3152
Solar,Spring,5712
Solar,Fall,5575
Wind,Winter,10605
Wind,Spring,5623
Wind,Spring,4110
Wind,Winter,5748
Wind,Summer,4284
Solar,Summer,3099
Wind,Summer,6102
Wind,Fall,1704
Wind,Summer,6827
Wind,Summer,3890
Solar,Fall,4786
Wind,Spring,645
Wind,Summer,1464
Wind,Summer,5130
Wind,Winter,7402
Solar,Summer,4046
Wind,Winter,6552
Wind,Winter,7245
Wind,Summer,2295
Wind,Fall,2714
Wind,Summer,1771
Wind,Fall,8223
Wind,Fall,13595
Wind,Spring,3091
Wind,Winter,9752
Wind,Spring,7001
Wind,Spring,10105
Wind,Spring,6515
Wind,Spring,8448
Wind,Winter,3308
Wind,Winter,3020
Wind,Fall,3330
Wind,Winter,2197
Solar,Fall,2293
Wind,Summer,3906
Wind,Spring,6764
Wind,Summer,1085
Wind,Summer,6467
Solar,Spring,3596
Wind,Winter,10596
Wind,Fall,292
Wind,Fall,15122
Wind,Fall,11992
Wind,Spring,5335
Wind,Fall,4389
Wind,Spring,3548
Solar,Spring,5874
Solar,Fall,2723
Wind,Winter,7220
Solar,Summer,4809
Wind,Spring,9923
Wind,Winter,3288
Wind,Spring,4524
Wind,Spring,1408
Wind,Summer,5577
Wind,Fall,1829
Wind,Winter,7108
Wind,Winter,7471
Wind,Spring,6415
Wind,Fall,1142
Solar,Summer,8506
Solar,Summer,9654
Wind,Fall,5039
Wind,Spring,4453
Wind,Spring,11176
Wind,Fall,14758
Wind,Spring,7175
Wind,Summer,2631
Solar,Spring,2972
Wind,Summer,1509
Wind,Fall,3878
Wind,Fall,3712
Wind,Summer,7270
Wind,Summer,2716
Solar,Spring,11915
Wind,Fall,1886
Wind,Winter,2320
Wind,Winter,6408
Wind,Summer,7653
Solar,Summer,4606
Wind,Summer,1871
Wind,Spring,1781
Wind,Spring,5813
Solar,Spring,1431
Wind,Winter,8683
Solar,Fall,3028
Wind,Summer,3822
Solar,Summer,7369
Wind,Fall,13482
Wind,Spring,5384
Solar,Fall,4430
Wind,Spring,1145
Wind,Fall,9401
Wind,Fall,4472
Wind,Summer,4858
Wind,Summer,3790
Wind,Fall,3321
Wind,Winter,3202
Wind,Fall,9159
Wind,Fall,18407
Wind,Summer,4740
Wind,Fall,10679
Wind,Summer,6810
Wind,Fall,3050
Wind,Fall,9347
Wind,Spring,5821
Wind,Winter,8994
Wind,Summer,1763
Wind,Summer,3011
Solar,Spring,9667
Wind,Fall,6069
Wind,Winter,1037
Wind,Winter,2961
Wind,Winter,5209
Wind,Winter,13295
Wind,Fall,14313
Wind,Spring,11125
Solar,Summer,7585
Solar,Spring,6733
Wind,Winter,9159
Wind,Winter,4247
Wind,Summer,5282
Wind,Spring,6446
Solar,Fall,12989
Wind,Summer,5923
Solar,Summer,6385
Wind,Summer,2213
Wind,Summer,3173
Wind,Summer,4306
Wind,Winter,3671
Wind,Summer,8918
Wind,Summer,10900
Wind,Spring,11303
Wind,Fall,2084
Solar,Winter,6900
Wind,Spring,1719
Wind,Fall,8784
Solar,Summer,9602
Solar,Fall,6634
Wind,Summer,3141
Wind,Winter,12173
Wind,Winter,5097
Wind,Spring,8403
Solar,Spring,7151
Wind,Fall,4414
Wind,Fall,1277
Wind,Winter,11486
Wind,Winter,11990
Wind,Fall,6210
Wind,Spring,16408
Wind,Fall,18721
Wind,Fall,1300
Wind,Winter,9881
Wind,Summer,4530
Wind,Fall,3960
Solar,Winter,3935
Wind,Fall,15569
Wind,Summer,2040
Wind,Winter,6815
Wind,Winter,20885
Wind,Summer,8904
Wind,Summer,2584
Wind,Summer,965
Solar,Fall,2452
Wind,Fall,6863
Wind,Spring,7494
Wind,Fall,1525
Wind,Spring,14005
Wind,Winter,7242
Wind,Spring,3052
Solar,Spring,11558
Wind,Winter,6470
Wind,Summer,5291
Wind,Fall,6790
Wind,Summer,11708
Wind,Winter,7870
Wind,Spring,18316
Wind,Spring,3193
Wind,Fall,9033
Wind,Fall,2773
Wind,Summer,384
Wind,Summer,2878
Wind,Winter,5934
Wind,Winter,9422
Wind,Spring,5393
Wind,Winter,9466
Wind,Summer,2823
Wind,Spring,6999
Wind,Spring,7862
Wind,Fall,5964
Wind,Winter,8687
Wind,Fall,1124
Wind,Summer,1829
Wind,Fall,894
Wind,Fall,8475
Wind,Fall,8246
Wind,Summer,2603
Wind,Spring,6694
Solar,Fall,2552
Wind,Summer,5384
Wind,Fall,11643
Wind,Fall,1253
Wind,Spring,2663
Wind,Winter,3980
Wind,Spring,11361
Wind,Winter,9035
Solar,Fall,4028
Wind,Fall,1908
Wind,Spring,10317
Wind,Spring,3070
Wind,Fall,17992
Wind,Summer,3212
Solar,Summer,9444
Wind,Winter,6918
Wind,Winter,5845
Wind,Spring,7440
Wind,Spring,1663
Wind,Summer,11387
Wind,Fall,9661
Solar,Summer,4430
Wind,Spring,1684
Wind,Fall,5195
Wind,Spring,5079
Wind,Summer,3344
Wind,Spring,3260
Wind,Fall,7173
Wind,Spring,10637
Wind,Fall,4027
Wind,Summer,2162
Wind,Spring,10947
Wind,Fall,9995
Wind,Winter,16410
Wind,Winter,9828
Wind,Spring,2869
Solar,Spring,8550
Wind,Fall,3647
Solar,Summer,6029
Wind,Winter,15371
Wind,Fall,3223
Wind,Summer,2569
Wind,Spring,2721
Wind,Spring,14891
Wind,Winter,6349
Wind,Winter,9160
Wind,Spring,9151
Wind,Summer,5101
Solar,Winter,6285
Wind,Summer,7767
Wind,Fall,2957
Wind,Summer,5751
Wind,Fall,459
Wind,Winter,12566
Wind,Spring,4002
Wind,Spring,8084
Wind,Fall,5142
Wind,Spring,9702
Wind,Spring,9049
Wind,Fall,8193
Solar,Winter,4385
Wind,Winter,4875
Solar,Fall,7336
Wind,Fall,12407
Solar,Summer,9585
Wind,Spring,7707
Wind,Spring,8663
Wind,Winter,6813
Wind,Summer,12672
Wind,Summer,4249
Wind,Fall,3365
Wind,Winter,15206
Wind,Summer,1289
Wind,Spring,8185
Solar,Spring,4141
Wind,Fall,4252
Wind,Winter,15714
Wind,Spring,11934
Wind,Spring,10787
Wind,Spring,12637
Wind,Winter,3573
Solar,Summer,6303
Wind,Winter,1715
Wind,Spring,8478
Wind,Winter,12752
Wind,Fall,1028
Solar,Spring,2738
Wind,Spring,8034
Wind,Winter,3165
Wind,Winter,2613
Wind,Winter,1779
Wind,Winter,11211
Solar,Spring,5257
Wind,Winter,4215
Wind,Spring,3308
Wind,Summer,2007
Wind,Winter,6846
Solar,Summer,6031
Solar,Fall,2823
Wind,Summer,4846
Wind,Winter,13530
Wind,Fall,10616
Wind,Spring,5188
Wind,Summer,2704
Wind,Winter,7486
Wind,Summer,1779
Wind,Winter,19266
Wind,Fall,9919
Wind,Winter,2846
Solar,Winter,5413
Wind,Fall,895
Wind,Spring,3967
Wind,Summer,1566
Wind,Winter,7100
Wind,Spring,4433
Solar,Spring,5604
Wind,Fall,7230
Wind,Spring,6760
Wind,Spring,2424
Wind,Winter,4941
Wind,Spring,746
Wind,Summer,3575
Wind,Spring,2057
Wind,Winter,7478
Wind,Spring,1448
Wind,Summer,1826
Solar,Winter,6088
Wind,Winter,13036
Wind,Winter,12066
Wind,Winter,15656
Solar,Summer,2361
Wind,Summer,4074
Wind,Winter,4111
Wind,Fall,8741
Wind,Winter,2853
Wind,Summer,2267
Wind,Spring,6766
Wind,Spring,6416
Wind,Summer,5261
Solar,Fall,2271
Wind,Fall,6810
Solar,Summer,8860
Wind,Fall,631
Wind,Spring,5138
Wind,Winter,6365
Wind,Spring,3587
Wind,Spring,13710
Solar,Spring,5550
Solar,Summer,13010
Wind,Winter,3791
Wind,Winter,4345
Wind,Summer,3178
Wind,Winter,5858
Wind,Summer,4218
Wind,Spring,380
Wind,Spring,3318
Wind,Fall,1568
Wind,Winter,7848
Wind,Spring,691
Wind,Spring,1412
Solar,Winter,3450
Wind,Fall,1595
Wind,Summer,1094
Wind,Summer,11238
Wind,Fall,1057
Wind,Spring,5445
Wind,Winter,1529
Wind,Fall,9734
Wind,Fall,15398
Wind,Spring,2243
Solar,Spring,5540
Wind,Winter,8733
Wind,Fall,1731
Wind,Fall,8240
Wind,Winter,1503
Wind,Summer,3990
Wind,Winter,9227
Wind,Spring,14741
Wind,Fall,14688
Wind,Fall,18598
Wind,Spring,2849
Wind,Spring,3686
Wind,Summer,9162
Wind,Fall,1780
Wind,Fall,148
Solar,Fall,5627
Wind,Winter,9141
Wind,Fall,9218
Wind,Summer,5896
Wind,Fall,11856
Solar,Fall,2770
Solar,Summer,2939
Wind,Spring,4461
Solar,Fall,4242
Wind,Fall,8604
Wind,Fall,8188
Wind,Spring,6463
Wind,Spring,7396
Wind,Winter,8199
Wind,Winter,5824
Wind,Summer,7621
Wind,Spring,4158
Wind,Winter,10568
Solar,Summer,9183
Wind,Spring,8029
Wind,Winter,5637
Wind,Winter,1234
Wind,Spring,2805
Wind,Winter,3042
Wind,Summer,3412
Solar,Summer,6094
Wind,Fall,4481
Wind,Winter,11356
Wind,Fall,1743
Wind,Fall,10359
Wind,Winter,2807
Wind,Spring,3751
Solar,Spring,4489
Wind,Summer,2905
Wind,Winter,9829
Wind,Winter,17655
Wind,Winter,7382
Wind,Winter,12392
Wind,Summer,930
Wind,Fall,4692
Wind,Fall,5751
Wind,Spring,7203
Wind,Spring,4546
Solar,Summer,9154
Wind,Summer,4471
Solar,Summer,7538
Wind,Summer,3664
Wind,Fall,1842
Wind,Fall,11977
Solar,Summer,7736
Wind,Fall,4986
Wind,Fall,9528
Wind,Spring,7633
Wind,Winter,718
Wind,Fall,990
Wind,Summer,5544
Wind,Winter,16405
Wind,Winter,15893
Wind,Winter,7687
Wind,Spring,5379
Solar,Winter,2139
Solar,Summer,11049
Wind,Spring,3135
Wind,Winter,7464
Solar,Winter,1959
Wind,Winter,6904
Wind,Summer,3068
Wind,Winter,9308
Wind,Summer,7239
Solar,Spring,8895
Wind,Winter,16728
Wind,Summer,1669
Solar,Summer,5316
Wind,Spring,8313
Wind,Spring,4075
Wind,Fall,17990
Wind,Fall,6382
Wind,Summer,2882
Solar,Summer,8202
Wind,Spring,11111
Solar,Summer,12184
Wind,Fall,9343
Wind,Spring,1107
Wind,Summer,2699
Wind,Fall,2085
Wind,Spring,2598
Wind,Summer,2214
Wind,Fall,842
Wind,Fall,1733
Wind,Winter,8149
Wind,Winter,2271
Wind,Spring,2788
Solar,Fall,6437
Wind,Spring,6371
Solar,Summer,7189
Wind,Spring,4765
Wind,Summer,6797
Wind,Fall,10122
Wind,Fall,1058
Wind,Fall,4783
Wind,Winter,2522
Wind,Summer,5303
Wind,Spring,4373
Wind,Summer,3938
Solar,Summer,5717
Wind,Winter,8804
Solar,Spring,5509
Solar,Summer,3404
Wind,Fall,6944
Wind,Fall,1013
Wind,Winter,6542
Wind,Summer,3203
Wind,Fall,11741
Wind,Spring,11027
Wind,Summer,3679
Wind,Summer,1807
Wind,Fall,2889
Wind,Spring,2612
Wind,Spring,5240
Solar,Spring,7982
Wind,Fall,1107
Wind,Summer,3018
Wind,Summer,4269
Wind,Summer,4573
Wind,Summer,7106
Solar,Winter,9036
Wind,Winter,1737
Wind,Winter,7774
Wind,Spring,2753
Wind,Spring,9139
Solar,Summer,3542
Wind,Summer,2742
Wind,Summer,2125
Wind,Spring,20481
Wind,Spring,4978
Wind,Winter,9773
Wind,Spring,1414
Wind,Spring,9362
Wind,Spring,9817
Wind,Summer,2341
Wind,Summer,4579
Wind,Winter,15224
Solar,Fall,6760
Wind,Spring,2636
Wind,Winter,6309
Wind,Fall,3178
Wind,Summer,4840
Wind,Spring,4726
Wind,Summer,7037
Solar,Winter,5505
Wind,Winter,5949
Wind,Spring,8702
Wind,Spring,4185
Wind,Winter,15113
Wind,Fall,4894
Wind,Spring,4219
Wind,Summer,3501
Wind,Spring,12324
Wind,Summer,2950
Wind,Winter,4875
Wind,Fall,7969
Wind,Winter,8915
Wind,Winter,8474
Wind,Fall,2204
Solar,Summer,7623
Wind,Fall,12605
Wind,Fall,12527
Wind,Winter,8206
Wind,Spring,4571
Wind,Fall,6940
Wind,Fall,7511
Wind,Summer,994
Solar,Spring,7637
Wind,Fall,8206
Wind,Fall,12791
Wind,Spring,5016
Wind,Fall,2709
Wind,Winter,4537
Wind,Fall,703
Wind,Spring,5194
Wind,Fall,638
Wind,Winter,5347
Solar,Summer,3126
Solar,Winter,5239
Wind,Spring,1791
Wind,Fall,19412
Solar,Summer,3408
Wind,Summer,2998
Wind,Winter,11863
Wind,Summer,3228
Wind,Summer,5234
Wind,Summer,2289
Wind,Spring,4874
Wind,Winter,7291
Solar,Winter,5260
Wind,Winter,2074
Wind,Spring,5339
Wind,Fall,5791
Wind,Fall,3360
Wind,Spring,2576
Wind,Fall,1743
Solar,Fall,9015
Wind,Spring,10266
Solar,Spring,5628
Wind,Fall,2773
Wind,Summer,1489
Wind,Fall,1029
Solar,Summer,10199
Wind,Summer,2082
Solar,Spring,7142
Wind,Winter,12003
Wind,Winter,7892
Solar,Summer,6522
Wind,Fall,1556
Wind,Summer,3428
Wind,Spring,8261
Wind,Fall,9773
Wind,Winter,5802
Wind,Fall,18876
Wind,Fall,4410
Solar,Summer,1265
Wind,Summer,2320
Wind,Spring,2941
Solar,Spring,4960
Solar,Summer,4779
Wind,Winter,2049
Wind,Summer,8767
Wind,Winter,17178
Wind,Summer,3797
Solar,Summer,6632
Wind,Fall,1216
Wind,Winter,6009
Wind,Fall,5892
Solar,Summer,6728
Wind,Fall,9172
Wind,Summer,10535
Wind,Fall,1373
Wind,Winter,16129
Wind,Spring,5070
Wind,Fall,4199
Solar,Summer,4899
Solar,Spring,2020
Wind,Summer,4676
Wind,Winter,5287
Wind,Winter,4507
Solar,Summer,5552
Wind,Fall,4252
Wind,Spring,2273
Wind,Fall,3110
Wind,Winter,1338
Wind,Winter,10687
Wind,Summer,3117
Wind,Fall,4654
Wind,Spring,4730
Solar,Summer,1804
Solar,Summer,7746
Wind,Spring,5414
Solar,Summer,5149
Solar,Summer,7335
Solar,Summer,7100
Wind,Winter,4873
Wind,Spring,17696
Wind,Winter,10771
Wind,Fall,3165
Solar,Fall,5281
Wind,Summer,3100
Solar,Fall,6070
Wind,Summer,1141
Wind,Summer,2329
Wind,Spring,6877
Wind,Spring,3036
Solar,Spring,5592
Wind,Winter,13814
Wind,Winter,11590
Wind,Winter,3069
Wind,Spring,2704
Wind,Spring,2524
Wind,Winter,11631
Wind,Fall,11206
Wind,Winter,14179
Solar,Summer,1340
Wind,Summer,7508
Wind,Spring,3992
Wind,Fall,14751
Wind,Summer,2071
Wind,Fall,4056
Wind,Spring,10072
Solar,Spring,4529
Wind,Fall,1662
Wind,Spring,1294
Wind,Spring,2620
Wind,Spring,3529
Wind,Winter,12234
Wind,Spring,5858
Solar,Fall,5527
Wind,Spring,7119
Wind,Fall,11544
Wind,Spring,8268
Wind,Spring,2801
Wind,Winter,9209
Wind,Spring,8811
Wind,Fall,6028
Wind,Fall,7003
Wind,Spring,7721
Wind,Spring,12665
Solar,Summer,9758
Wind,Spring,17702
Wind,Winter,14387
Wind,Fall,10410
Solar,Summer,6165
Wind,Winter,5460
Wind,Winter,4994
Solar,Summer,6073
Wind,Winter,8897
Wind,Summer,3140
Wind,Fall,12182
Wind,Spring,9358
Solar,Fall,6288
Wind,Winter,7773
Wind,Winter,2401
Wind,Spring,1899
Wind,Summer,1697
Solar,Summer,5642
Wind,Summer,3478
Wind,Summer,5770
Wind,Winter,1862
Wind,Fall,1006
Wind,Fall,15144
Wind,Fall,5383
Wind,Fall,10158
Wind,Spring,2008
Wind,Summer,4175
Solar,Winter,2952
Wind,Summer,7668
Wind,Winter,1948
Wind,Summer,1318
Solar,Summer,4649
Wind,Winter,7485
Wind,Fall,8921
Wind,Winter,3638
Wind,Spring,6052
Wind,Fall,9396
Solar,Summer,6264
Solar,Summer,4951
Wind,Spring,10159
Wind,Fall,6161
Wind,Fall,3133
Wind,Spring,9741
Wind,Summer,4992
Wind,Winter,7073
Wind,Spring,6109
Solar,Summer,8621
Wind,Winter,4035
Solar,Fall,7762
Wind,Fall,5912
Wind,Fall,7372
Wind,Spring,8585
Wind,Spring,3890
Wind,Fall,1691
Wind,Spring,17554
Wind,Summer,2062
Wind,Fall,3955
Wind,Spring,3949
Wind,Winter,11274
Wind,Fall,6141
Wind,Fall,12379
Wind,Fall,18615
Wind,Summer,6003
Wind,Spring,4187
Wind,Spring,6856
Wind,Summer,3635
Wind,Winter,15847
Wind,Winter,3197
Wind,Winter,9118
Wind,Fall,3067
Wind,Fall,2363
Wind,Fall,4227
Wind,Winter,6778
Wind,Spring,2302
Wind,Spring,8115
Wind,Summer,1191
Solar,Summer,13917
Wind,Fall,7218
Wind,Fall,2556
Solar,Fall,4832
Wind,Fall,4113
Wind,Winter,4830
Wind,Winter,5832
Wind,Spring,6474
Wind,Fall,1387
Wind,Spring,3278
Wind,Spring,4322
Wind,Spring,4805
Wind,Summer,3681
Wind,Winter,5801
Wind,Winter,8841
Wind,Spring,9447
Wind,Summer,2819
Wind,Summer,1935
Wind,Summer,8461
Wind,Fall,7512
Wind,Winter,3896
Wind,Fall,6173
Wind,Spring,9947
Wind,Winter,8878
Wind,Spring,8435
Wind,Fall,2222
Wind,Winter,7788
Wind,Winter,7220
Wind,Spring,9987
Wind,Fall,2667
Wind,Fall,3983
Wind,Summer,3146
Wind,Fall,14105
Wind,Winter,9866
Wind,Summer,2822
Wind,Summer,9996
Wind,Spring,5861
Wind,Spring,9194
Wind,Summer,2997
Solar,Fall,5154
Wind,Spring,7484
Solar,Summer,5599
Wind,Winter,1181
Wind,Summer,1022
Wind,Winter,5436
Wind,Fall,10232
Solar,Spring,5940
Wind,Fall,12501
Wind,Spring,9475
Wind,Winter,16981
Wind,Fall,13651
Solar,Summer,3557
Solar,Spring,6242
Wind,Spring,4730
Wind,Winter,10684
Wind,Winter,10886
Wind,Fall,3730
Wind,Summer,4830
Wind,Summer,2780
Wind,Fall,6841
Wind,Winter,2553
Wind,Summer,1980
Wind,Summer,7359
Wind,Spring,858
Wind,Summer,7229
Wind,Summer,4864
Wind,Summer,4008
Wind,Winter,3804
Wind,Fall,9698
Wind,Summer,9590
Wind,Summer,5128
Solar,Summer,7007
Wind,Winter,6776
Wind,Spring,10214
Solar,Fall,10425
Wind,Summer,5426
Solar,Spring,6944
Wind,Fall,11448
Solar,Summer,9662
Wind,Summer,8159
Wind,Spring,3553
Wind,Fall,2169
Solar,Fall,3541
Solar,Spring,5647
Wind,Fall,1363
Solar,Fall,5424
Solar,Summer,5290
Wind,Summer,4957
Solar,Winter,4165
Wind,Winter,6024
Wind,Fall,1224
Wind,Fall,4643
Wind,Winter,1245
Wind,Fall,6877
Wind,Fall,3174
Wind,Spring,2336
Wind,Fall,14209
Wind,Spring,3114
Wind,Fall,10053
Solar,Summer,4589
Wind,Winter,7406
Solar,Spring,4051
Wind,Winter,5050
Wind,Spring,10061
Wind,Fall,14087
Wind,Winter,4715
Wind,Fall,6838
Wind,Fall,4680
Solar,Winter,9563
Wind,Summer,3586
Wind,Winter,14028
Wind,Fall,5192
Wind,Winter,1912
Wind,Fall,11275
Wind,Fall,9187
Wind,Spring,6079
Wind,Winter,2969
Wind,Fall,7511
Wind,Summer,3484
Solar,Fall,8521
Solar,Fall,8373
Wind,Winter,7406
Wind,Spring,9152
Wind,Winter,8905
Wind,Fall,5394
Wind,Spring,2119
Wind,Fall,6404
Wind,Winter,7100
Wind,Summer,2905
Wind,Fall,12950
Wind,Fall,2581
Wind,Winter,12114
Wind,Winter,5264
Solar,Summer,3451
Wind,Fall,3073
Solar,Spring,3776
Solar,Summer,6313
Wind,Fall,5053
Wind,Spring,1552
Wind,Spring,5134
Wind,Fall,576
Wind,Spring,6501
Wind,Summer,2789
Wind,Summer,15715
Wind,Winter,3066
Wind,Fall,12444
Wind,Summer,3414
Wind,Summer,8011
Wind,Spring,6236
Solar,Fall,4253
Wind,Fall,9449
Wind,Summer,2594
Solar,Fall,4221
Wind,Summer,3505
Wind,Fall,1716
Solar,Summer,6377
Wind,Summer,1116
Solar,Fall,2760
Wind,Winter,3581
Wind,Winter,15334
Wind,Fall,9122
Wind,Winter,12629
Wind,Winter,1267
Wind,Fall,5258
Wind,Summer,6852
Wind,Summer,4080
Solar,Spring,6348
Wind,Spring,5477
Wind,Summer,3450
Wind,Fall,10680
Solar,Spring,5901
Solar,Spring,6042
Wind,Spring,1864
Solar,Fall,5672
Wind,Winter,17091
Wind,Spring,8681
Wind,Fall,9170
Wind,Spring,4629
Wind,Fall,3559
Wind,Winter,2282
Solar,Fall,3638
Solar,Winter,8954
Wind,Fall,2238
Wind,Spring,6405
Wind,Winter,7370
Wind,Winter,10458
Wind,Summer,4282
Wind,Fall,11364
Wind,Fall,1388
Wind,Fall,6472
Wind,Summer,7951
Wind,Fall,6345
Wind,Spring,10044
Wind,Fall,4288
Wind,Fall,1837
Solar,Fall,12354
Wind,Winter,1684
Wind,Fall,1974
Solar,Fall,6012
Solar,Spring,6628
Wind,Spring,3161
Wind,Winter,13842
Solar,Summer,10406
Wind,Summer,5857
Solar,Summer,10248
Wind,Summer,1885
Wind,Summer,2748
Wind,Summer,4362
Wind,Spring,2548
Solar,Spring,11083
Wind,Spring,6448
Wind,Spring,1479
Wind,Fall,6255
Wind,Winter,7331
Wind,Summer,7300
Wind,Fall,8812
Wind,Spring,3771
Wind,Summer,1726
Wind,Winter,18435
Solar,Spring,4702
Wind,Winter,11203
Wind,Summer,1590
Wind,Spring,7248
Wind,Fall,8885
Wind,Winter,3287
Wind,Fall,6373
Wind,Summer,4033
Wind,Summer,2396
Wind,Summer,4482
Wind,Spring,12091
Wind,Summer,3597
Wind,Fall,6097
Wind,Winter,13655
Wind,Fall,4894
Wind,Winter,8095
Wind,Winter,7820
Wind,Fall,3772
Solar,Summer,3755
Wind,Winter,12685
Wind,Winter,17499
Solar,Summer,8522
Wind,Fall,3730
Solar,Winter,3503
Wind,Fall,8023
Wind,Summer,4024
Wind,Fall,8964
Wind,Spring,1147
Wind,Fall,2032
Wind,Fall,8433
Wind,Winter,11747
Wind,Winter,2284
Wind,Spring,1128
Wind,Spring,1215
Wind,Spring,9774
Wind,Winter,5111
Wind,Summer,6095
Solar,Spring,3175
Wind,Summer,2159
Wind,Spring,11565
Wind,Spring,1032
Wind,Winter,11065
Wind,Fall,2922
Wind,Winter,9034
Wind,Fall,1390
Wind,Fall,4389
Wind,Fall,6928
Wind,Winter,13368
Wind,Summer,3683
Wind,Fall,6021
Wind,Summer,5789
Solar,Winter,7270
Wind,Fall,12121
Wind,Spring,8524
Wind,Fall,12232
Wind,Fall,2319
Wind,Fall,14059
Wind,Fall,5601
Wind,Winter,8746
Solar,Summer,6076
Solar,Winter,5927
Wind,Summer,5491
Wind,Summer,3213
Wind,Winter,3944
Wind,Winter,3287
Wind,Winter,8851
Wind,Spring,10314
Wind,Summer,4700
Wind,Winter,1910
Wind,Spring,5299
Wind,Fall,3695
Wind,Summer,3666
Wind,Spring,4293
Wind,Fall,7088
Wind,Summer,2133
Wind,Spring,6344
Wind,Summer,1730
Solar,Fall,4492
Wind,Winter,8001
Wind,Winter,12265
Solar,Fall,5294
Wind,Fall,11127
Wind,Winter,4426
Wind,Winter,6593
Wind,Spring,4594
Solar,Summer,4701
Wind,Winter,3521
Solar,Summer,4552
Wind,Fall,4056
Wind,Spring,5369
Solar,Winter,6105
Wind,Spring,4389
Wind,Spring,8343
Wind,Fall,11947
Solar,Spring,5795
Wind,Winter,629
Wind,Spring,10312
Wind,Fall,2722
Wind,Winter,5039
Solar,Spring,5870
Wind,Fall,11028
Wind,Spring,11478
Wind,Winter,8302
Solar,Summer,7321
Wind,Winter,11852
Wind,Spring,5856
Wind,Summer,4137
Solar,Winter,5520
Wind,Spring,3881
Wind,Fall,6132
Solar,Spring,4412
Wind,Spring,9548
Solar,Spring,2257
Wind,Fall,9453
Wind,Winter,4016
Wind,Fall,7981
Wind,Fall,5147
Wind,Fall,2256
Wind,Winter,11907
Solar,Spring,7730
Wind,Summer,2493
Wind,Spring,2101
Wind,Winter,8085
Solar,Fall,2867
Wind,Winter,16903
Wind,Winter,6726
Wind,Summer,11586
Wind,Winter,7021
Solar,Fall,4167
Wind,Fall,6293
Wind,Summer,6081
Wind,Fall,3664
Wind,Winter,5226
Wind,Spring,17815
Wind,Spring,787
Wind,Fall,2435
Solar,Summer,10246
Wind,Winter,6320
Wind,Spring,8846
Wind,Fall,8855
Solar,Spring,11009
Wind,Spring,5593
Wind,Winter,2080
Wind,Spring,7362
Wind,Fall,3111
Solar,Summer,5192
Wind,Summer,1520
Solar,Summer,6256
Wind,Spring,5339
Wind,Summer,7678
Wind,Summer,1151
Wind,Fall,11852
Wind,Winter,6180
Wind,Winter,3926
Wind,Fall,9086
Wind,Fall,12790
Wind,Spring,8847
Wind,Spring,5235
Wind,Fall,12247
Wind,Winter,2464
Wind,Fall,2638
Wind,Fall,2915
Solar,Fall,1244
Wind,Spring,9879
Solar,Summer,3808
Wind,Winter,13143
Wind,Winter,1702
Wind,Fall,1693
Wind,Fall,17289
Wind,Fall,9887
Wind,Spring,3176
Wind,Spring,5746
Solar,Spring,2584
Wind,Fall,6261
Wind,Spring,1181
Wind,Fall,1523
Wind,Fall,12917
Wind,Winter,5508
Wind,Winter,6544
Wind,Fall,5320
Wind,Summer,3849
Wind,Spring,2759
Wind,Fall,10200
Wind,Summer,8312
Wind,Spring,4859
Wind,Summer,2703
Wind,Summer,2099
Wind,Winter,2001
Solar,Fall,5243
Wind,Fall,6935
Wind,Winter,7316
Wind,Summer,2633
Wind,Fall,10177
Wind,Winter,12555
Wind,Spring,11009
Wind,Spring,12608
Wind,Winter,6605
Wind,Fall,2775
Wind,Winter,5233
Wind,Spring,6221
Wind,Summer,3787
Solar,Summer,3406
Wind,Summer,2982
Wind,Fall,5528
Solar,Fall,7432
Wind,Fall,10661
Wind,Summer,1897
Wind,Fall,2823
Solar,Summer,11247
Wind,Winter,5419
Solar,Summer,6880
Wind,Winter,9043
Wind,Winter,6084
Wind,Spring,4216
Wind,Spring,5803
Wind,Fall,9916
Wind,Fall,2943
Wind,Summer,2752
Wind,Fall,4538
Wind,Spring,11238
Wind,Winter,1769
Wind,Fall,2186
Wind,Summer,457
Wind,Fall,4265
Solar,Fall,4255
Wind,Fall,620
Solar,Summer,10243
Wind,Spring,761
Wind,Summer,7181
Wind,Fall,7802
Wind,Spring,10928
Wind,Summer,4508
Wind,Spring,5453
Wind,Winter,6414
Wind,Winter,11735
Wind,Fall,1628
Wind,Fall,2057
Wind,Fall,6338
Wind,Summer,6493
Solar,Summer,3314
Wind,Fall,8331
Wind,Fall,1382
Wind,Spring,9466
Solar,Summer,6886
Wind,Summer,4184
Solar,Fall,4377
Wind,Winter,16390
Wind,Summer,5024
Wind,Summer,2071
Wind,Spring,5212
Wind,Fall,7672
Wind,Fall,4026
Solar,Summer,9011
Wind,Winter,2226
Solar,Summer,1519
Wind,Fall,9491
Wind,Summer,2712
Wind,Spring,789
Wind,Summer,8685
Solar,Summer,6670
Solar,Fall,6703
Wind,Spring,5266
Wind,Summer,6434
Wind,Summer,3596
Wind,Spring,9579
Wind,Spring,6158
Wind,Spring,7649
Wind,Winter,5701
Wind,Winter,4745
Wind,Fall,11043
Wind,Fall,3991
Wind,Winter,8096
Solar,Summer,2473
Solar,Summer,16316
Solar,Spring,5040
Wind,Summer,1498
Wind,Fall,480
Wind,Spring,7345
Wind,Spring,2885
Wind,Spring,3581
Wind,Spring,6342
Wind,Winter,5824
Solar,Summer,6203
Wind,Fall,12500
Wind,Spring,8020
Wind,Winter,15633
Wind,Spring,6858
Wind,Summer,2638
Wind,Fall,4189
Wind,Fall,7062
Wind,Spring,8777
Wind,Summer,3380
Wind,Winter,12640
Wind,Fall,2664
Solar,Summer,3428
Solar,Spring,7322
Wind,Spring,7318
Wind,Winter,8147
Wind,Spring,4815
Wind,Winter,5470
Wind,Spring,2385
Wind,Fall,8105
Wind,Fall,4725
Wind,Summer,2929
Wind,Spring,16075
Solar,Fall,6161
Wind,Winter,10028
Wind,Winter,16235
Wind,Winter,10602
Wind,Summer,4160
Wind,Fall,7650
Wind,Summer,2549
Solar,Spring,7591
Wind,Fall,11121
Wind,Summer,2688
Solar,Fall,4056
Wind,Fall,569
Solar,Spring,6146
Wind,Fall,3074
Wind,Spring,3332
Wind,Fall,4896
Wind,Spring,18978
Solar,Spring,7394
Solar,Spring,4576
Solar,Spring,3058
Wind,Fall,5836
Wind,Spring,1340
Wind,Spring,5407
Wind,Summer,4491
Wind,Spring,13351
Wind,Summer,6890
Wind,Spring,3193
Wind,Fall,4319
Wind,Spring,2580
Wind,Winter,2507
Wind,Fall,17641
Wind,Spring,10511
Wind,Spring,4689
Wind,Fall,8101
Solar,Spring,4939
Wind,Spring,2263
Wind,Spring,8880
Solar,Spring,7748
Wind,Winter,7008
Wind,Summer,4069
Solar,Summer,5097
Wind,Spring,3763
Solar,Summer,5120
Wind,Fall,8902
Wind,Fall,7695
Wind,Summer,1935
Wind,Winter,4009
Wind,Fall,4222
Wind,Fall,3710
Wind,Winter,7343
Wind,Summer,3291
Wind,Fall,1059
Wind,Spring,2220
Wind,Fall,5694
Wind,Spring,17590
Wind,Fall,6940
Wind,Summer,5758
Wind,Fall,9768
Wind,Winter,17056
Solar,Fall,3933
Wind,Fall,14862
Wind,Summer,3844
Wind,Spring,18160
Wind,Summer,1968
Wind,Summer,1831
Wind,Fall,5403
Wind,Summer,2703
Wind,Winter,1499
Wind,Winter,2427
Wind,Spring,14628
Wind,Summer,11596
Solar,Summer,4334
Wind,Fall,9625
Wind,Winter,9016
Wind,Winter,5219
Wind,Winter,1016
Wind,Summer,4314
Wind,Summer,2055
Solar,Summer,7944
Wind,Winter,6748
Wind,Fall,7618
Solar,Fall,3832
Wind,Winter,2060
Wind,Summer,1647
Solar,Fall,1612
Wind,Fall,12852
Wind,Winter,5918
Wind,Spring,5825
Wind,Fall,11783
Wind,Summer,1475
Solar,Summer,7346
Wind,Fall,8247
Wind,Winter,4530
Wind,Summer,7222
Wind,Winter,3833
Wind,Spring,10394
Solar,Summer,5153
Wind,Spring,3414
Wind,Spring,3390
Wind,Spring,2713
Wind,Summer,7272
Wind,Winter,2280
Wind,Summer,8277
Solar,Fall,1421
Solar,Summer,4442
Wind,Winter,3368
Wind,Summer,2997
Wind,Spring,6203
Solar,Summer,7560
Wind,Spring,2629
Wind,Summer,3140
Wind,Fall,3533
Wind,Spring,9398
Solar,Spring,6529
Wind,Spring,2592
Wind,Fall,4959
Wind,Fall,5024
Wind,Spring,10923
Wind,Fall,12001
Wind,Spring,6452
Solar,Spring,4079
Wind,Summer,969
Wind,Fall,2828
Wind,Summer,2126
Wind,Fall,11879
Solar,Summer,2904
Wind,Summer,1922
Wind,Spring,11731
Solar,Winter,2515
Wind,Spring,7608
Wind,Fall,2221
Solar,Summer,7995
Solar,Spring,6717
Wind,Fall,4181
Wind,Fall,3313
Wind,Spring,5740
Wind,Fall,4953
Wind,Spring,3355
Solar,Fall,6967
Wind,Spring,1697
Wind,Spring,1338
Solar,Winter,2888
Wind,Fall,8982
Solar,Spring,1941
Wind,Winter,16804
Wind,Winter,3652
Wind,Fall,5041
Wind,Summer,1923
Solar,Winter,4910
Wind,Spring,9882
Wind,Fall,11979
Wind,Summer,1479
Wind,Spring,8987
Wind,Fall,2696
Solar,Fall,3762
Wind,Winter,11436
Wind,Summer,5004
Wind,Spring,12278
Solar,Spring,6031
Solar,Spring,7683
Solar,Fall,5140
Wind,Fall,8558
Wind,Fall,2128
Wind,Winter,5850
Solar,Summer,3933
Wind,Winter,19810
Wind,Spring,10031
Wind,Winter,9217
Wind,Fall,2045
Wind,Fall,15838
Solar,Summer,5081
Wind,Spring,4082
Solar,Summer,4291
Wind,Fall,10970
Wind,Summer,3163
Wind,Winter,4222
Wind,Summer,2945
Solar,Spring,3901
Wind,Spring,5665
Wind,Spring,9612
Wind,Winter,6433
Wind,Summer,2771
Wind,Summer,3577
Wind,Winter,12747
Solar,Summer,3414
Wind,Summer,6915
Wind,Spring,4892
Wind,Summer,1388
Wind,Spring,3981
Wind,Spring,7671
Wind,Winter,2912
Solar,Summer,5806
Wind,Winter,9340
Solar,Summer,3891
Solar,Fall,7606
Wind,Fall,3046
Wind,Spring,1207
Wind,Spring,2019
Wind,Fall,6350
Wind,Winter,9360
Solar,Summer,7031
Wind,Fall,12059
Solar,Spring,4072
Wind,Winter,3075
Wind,Summer,3734
Wind,Winter,6317
Wind,Summer,13242
Wind,Fall,14863
Wind,Winter,2994
Wind,Summer,1676
Solar,Fall,7606
Wind,Summer,4544
Wind,Winter,1753
Wind,Spring,8019
Solar,Fall,7232
Solar,Spring,2948
Wind,Summer,1569
Wind,Summer,3959
Solar,Winter,5659
Wind,Spring,10459
Wind,Summer,2927
Wind,Summer,1662
Wind,Winter,15612
Solar,Fall,4020
Wind,Spring,14233
Wind,Spring,2307
Wind,Summer,8655
Wind,Winter,6315
Wind,Fall,11081
Solar,Spring,5538
Wind,Fall,11747
Wind,Spring,4898
Wind,Winter,15847
Wind,Summer,2760
Wind,Fall,2095
Wind,Summer,334
Wind,Winter,11647
Wind,Spring,457
Wind,Summer,1612
Solar,Spring,9083
Wind,Spring,13497
Solar,Fall,5286
Wind,Fall,14144
Solar,Fall,7676
Wind,Spring,6514
Solar,Winter,3963
Wind,Fall,6166
Wind,Spring,9016
Wind,Spring,7299
Wind,Winter,6422
Wind,Winter,12255
Solar,Summer,4112
Solar,Spring,6911
Wind,Fall,10329
Wind,Winter,1250
Wind,Spring,11566
Wind,Spring,5551
Wind,Spring,5535
Wind,Winter,2430
Wind,Winter,3868
Wind,Winter,13513
Wind,Winter,9867
Wind,Fall,9532
Wind,Fall,10350
Solar,Spring,1719
Wind,Fall,11829
Wind,Fall,5156
Wind,Summer,4437
Wind,Summer,3735
Wind,Winter,4485
Wind,Winter,2139
Wind,Spring,1824
Solar,Fall,5330
Solar,Spring,4830
Wind,Winter,2178
Solar,Summer,7806
Wind,Winter,7637
Solar,Summer,1886
Wind,Spring,3567
Wind,Winter,934
Wind,Fall,728
Wind,Spring,2297
Wind,Spring,2408
Wind,Summer,3248
Wind,Spring,11522
Solar,Spring,6812
Solar,Spring,5378
Wind,Winter,1865
Wind,Fall,9476
Solar,Summer,7001
Solar,Spring,10082
Wind,Winter,7525
Wind,Winter,11289
Wind,Summer,12714
Wind,Spring,13251
Wind,Spring,6672
Wind,Winter,7127
Wind,Fall,1940
Solar,Spring,7798
Wind,Summer,10873
Solar,Summer,6256
Wind,Fall,5201
Wind,Spring,4145
Solar,Spring,6673
Wind,Spring,10327
Solar,Spring,6923
Wind,Fall,2718
Wind,Fall,1837
Wind,Winter,1197
Wind,Winter,2543
Wind,Summer,2489
Wind,Winter,3607
Wind,Fall,6681
Wind,Spring,21624
Wind,Spring,7144
Wind,Winter,2621
Wind,Spring,1348
Solar,Summer,8454
Wind,Summer,10340
Wind,Spring,3293
Wind,Summer,1235
Wind,Summer,11599
Wind,Spring,3327
Solar,Summer,10719
Solar,Fall,2890
Wind,Winter,8994
Wind,Fall,1140
Wind,Spring,4205
Wind,Fall,4686
Solar,Winter,2963
Wind,Spring,11697
Solar,Spring,7109
Wind,Fall,2717
Wind,Winter,2222
Solar,Fall,5433
Wind,Fall,2777
Wind,Winter,3210
Wind,Spring,7647
Wind,Fall,12730
Wind,Winter,7443
Wind,Winter,7719
Wind,Summer,868
Wind,Spring,3347
Wind,Winter,17075
Wind,Spring,9135
Wind,Fall,5240
Wind,Spring,7705
Wind,Fall,4483
Wind,Winter,11934
Solar,Spring,2756
Wind,Spring,20332
Wind,Winter,9781
Wind,Fall,2194
Wind,Spring,3654
Wind,Winter,3872
Wind,Summer,1977
Wind,Winter,5427
Wind,Spring,2791
Wind,Spring,2626
Wind,Winter,7187
Solar,Summer,5207
Wind,Fall,2338
Solar,Spring,2886
Wind,Winter,7139
Solar,Spring,5382
Wind,Fall,5052
Wind,Fall,475
Wind,Summer,3073
Wind,Fall,2129
Wind,Winter,8739
Wind,Winter,17796
Wind,Fall,11799
Wind,Spring,2588
Wind,Spring,15150
Solar,Fall,3635
Wind,Summer,1804
Wind,Spring,5262
Wind,Summer,9318
Wind,Fall,10390
Solar,Spring,5450
Wind,Fall,1524
Solar,Fall,7262
Wind,Spring,3940
Wind,Summer,1226
Wind,Spring,1928
Solar,Fall,9665
Wind,Fall,7207
Solar,Summer,6251
Solar,Spring,3324
Wind,Spring,7619
Solar,Summer,6737
Wind,Summer,1969
Solar,Winter,267
Wind,Fall,978
Wind,Winter,9400
Wind,Summer,3653
Solar,Summer,4818
Wind,Summer,3209
Wind,Winter,18556
Wind,Fall,1720
Wind,Winter,5238
Wind,Spring,1701
Wind,Spring,5590
Wind,Winter,9265
Wind,Spring,4440
Wind,Fall,16223
Wind,Summer,1693
Wind,Winter,7343
Wind,Winter,5561
Wind,Summer,1755
Wind,Fall,16988
Solar,Spring,6096
Wind,Fall,6840
Wind,Fall,4414
Wind,Summer,1874
Wind,Fall,2608
Wind,Summer,605
Wind,Summer,2443
Wind,Fall,4887
Wind,Spring,5340
Solar,Winter,1223
Wind,Summer,15855
Wind,Winter,5323
Wind,Winter,4802
Wind,Fall,7058
Wind,Spring,14446
Wind,Winter,2912
Wind,Winter,5032
Wind,Winter,5491
Wind,Winter,8786
Wind,Fall,11664
Solar,Spring,8272
Wind,Fall,12969
Wind,Winter,4437
Wind,Spring,5574
Solar,Summer,6266
Wind,Summer,1971
Wind,Spring,1924
Wind,Fall,5820
Wind,Fall,1028
Wind,Winter,5819
Wind,Summer,3682
Wind,Spring,2602
Wind,Fall,6080
Wind,Fall,8799
Wind,Fall,8967
Wind,Summer,1760
Wind,Fall,6721
Wind,Fall,7139
Wind,Summer,1585
Solar,Spring,3628
Solar,Summer,12313
Wind,Summer,5338
Wind,Fall,3505
Wind,Fall,2764
Wind,Spring,5104
Wind,Fall,6222
Wind,Winter,9608
Wind,Spring,8682
Wind,Winter,4483
Wind,Winter,11901
Wind,Winter,6893
Solar,Spring,6284
Wind,Fall,6123
Solar,Summer,4475
Wind,Fall,8845
Solar,Summer,6978
Wind,Winter,3284
Wind,Summer,4114
Wind,Fall,2032
Solar,Winter,2037
Wind,Winter,7621
Wind,Fall,2977
Wind,Winter,12416
Wind,Spring,3046
Wind,Fall,5064
Solar,Spring,8450
Wind,Winter,7722
Wind,Spring,10327
Solar,Summer,6338
Wind,Summer,2762
Wind,Spring,5531
Wind,Fall,10764
Wind,Winter,13556
Wind,Winter,18685
Wind,Spring,1652
Wind,Spring,2008
Wind,Fall,9691
Wind,Summer,10440
Wind,Spring,10482
Solar,Summer,2861
Wind,Winter,12336
Wind,Summer,2229
Wind,Winter,3898
Wind,Summer,5260
Wind,Winter,6409
Wind,Spring,8370
Wind,Spring,1412
Solar,Fall,4392
Wind,Fall,7423
Wind,Spring,3665
Wind,Spring,5021
Wind,Fall,3257
Solar,Spring,5493
Wind,Fall,15079
Wind,Summer,7156
Wind,Spring,4993
Wind,Fall,1685
Wind,Summer,5509
Wind,Spring,7874
Wind,Spring,3488
Solar,Summer,9623
Wind,Fall,8417
Wind,Fall,1024
Solar,Spring,4676
Wind,Summer,3222
Wind,Fall,4225
Wind,Spring,6922
Solar,Spring,2628
Wind,Summer,2454
Wind,Summer,1786
Solar,Summer,5834
Wind,Summer,1388
Wind,Fall,5062
Wind,Fall,3552
Wind,Fall,18956
Wind,Fall,3568
Wind,Spring,2865
Wind,Fall,15112
Solar,Fall,8411
Solar,Spring,6026
Wind,Winter,6752
Solar,Summer,5126
Wind,Spring,5002
Wind,Spring,9680
Wind,Winter,3259
Wind,Spring,12305
Wind,Fall,8224
Wind,Summer,3802
Wind,Summer,7084
Wind,Spring,2682
Wind,Summer,5654
Wind,Winter,5918
Wind,Fall,11753
Wind,Spring,11238
Wind,Fall,2358
Wind,Summer,1962
Wind,Winter,3465
Solar,Fall,4871
Wind,Fall,1716
Wind,Summer,4245
Wind,Summer,1001
Solar,Fall,8795
Solar,Summer,6981
Wind,Fall,10888
Wind,Winter,9299
Wind,Fall,2034
Wind,Winter,5969
Wind,Summer,2863
Wind,Fall,1134
Wind,Spring,7154
Wind,Spring,10329
Wind,Fall,3903
Wind,Spring,3940
Wind,Summer,16164
Wind,Fall,2966
Solar,Spring,3553
Wind,Summer,2663
Wind,Winter,10179
Wind,Fall,1596
Wind,Spring,13963
Wind,Spring,16591
Wind,Winter,9155
Wind,Fall,5761
Wind,Summer,7150
Wind,Fall,11401
Solar,Fall,7972
Wind,Summer,2678
Wind,Winter,7248
Wind,Winter,7535
Wind,Winter,11867
Wind,Winter,2719
Wind,Winter,9092
Solar,Fall,5116
Wind,Fall,6758
Wind,Fall,2865
Wind,Summer,1685
Solar,Summer,5042
Solar,Spring,3254
Wind,Spring,18128
Wind,Spring,6823
Wind,Fall,2690
Wind,Summer,4451
Wind,Winter,4662
Wind,Spring,1259
Solar,Summer,9125
Solar,Summer,8898
Wind,Summer,1999
Wind,Fall,1078
Solar,Summer,4290
Solar,Summer,2120
Solar,Summer,6674
Wind,Spring,1211
Solar,Spring,6013
Wind,Summer,1801
Wind,Fall,8441
Wind,Spring,5141
Solar,Summer,4706
Wind,Fall,17338
Wind,Fall,10696
Wind,Summer,4398
Solar,Summer,2862
Wind,Fall,14865
Wind,Fall,10606
Wind,Spring,1000
Wind,Fall,3434
Wind,Fall,2229
Wind,Spring,8412
Wind,Winter,12188
Wind,Spring,9813
Wind,Spring,17911
Wind,Winter,4263
Wind,Winter,12406
Wind,Winter,13067
Wind,Summer,2788
Wind,Fall,4327
Solar,Summer,7976
Wind,Winter,13902
Solar,Winter,4030
Solar,Summer,5530
Solar,Fall,7327
Wind,Spring,6439
Wind,Spring,11507
Wind,Summer,12058
Solar,Summer,5745
Wind,Summer,4747
Solar,Winter,6722
Wind,Fall,11489
Wind,Summer,2770
Wind,Winter,19186
Wind,Fall,1711
Wind,Summer,7194
Wind,Fall,11271
Wind,Winter,1309
Solar,Summer,4642
Wind,Spring,6717
Wind,Winter,11663
Wind,Summer,4434
Wind,Spring,10376
Wind,Fall,11147
Solar,Fall,3837
Wind,Winter,7030
Solar,Spring,6064
Wind,Spring,13060
Wind,Summer,2745
Wind,Spring,5274
Wind,Fall,5083
Wind,Fall,8890
Wind,Fall,10601
Solar,Fall,4826
Solar,Fall,4815
Wind,Fall,1998
Wind,Fall,18995
Solar,Summer,11456
Wind,Spring,920
Wind,Summer,3476
Wind,Fall,914
Wind,Winter,2046
Wind,Spring,2281
Solar,Spring,7984
Wind,Fall,9890
Solar,Summer,2797
Solar,Spring,3294
Wind,Winter,5101
Wind,Spring,4584
Wind,Fall,5272
Wind,Winter,3261
Solar,Spring,4683
Wind,Winter,11933
Wind,Winter,5132
Wind,Summer,11377
Wind,Winter,3287
Wind,Fall,17507
Wind,Winter,5476
Wind,Summer,537
Wind,Spring,2391
Wind,Fall,6934
Wind,Summer,1623
Wind,Summer,10483
Solar,Spring,5300
Wind,Summer,12780
Wind,Spring,507
Solar,Spring,5328
Solar,Fall,4862
Wind,Winter,3441
Solar,Spring,12036
Wind,Fall,3944
Wind,Fall,7654
Wind,Spring,5334
Solar,Summer,3841
Wind,Winter,6087
Solar,Summer,4320
Wind,Summer,7143
Solar,Summer,4565
Wind,Winter,14866
Wind,Summer,11062
Wind,Spring,4558
Wind,Summer,9075
Wind,Winter,15714
Wind,Fall,7944
Wind,Winter,1873
Wind,Winter,6113
Wind,Winter,2677
Wind,Winter,13192
Wind,Winter,1135
Wind,Spring,4828
Wind,Winter,7129
Wind,Fall,3283
Wind,Fall,2578
Wind,Winter,6095
Solar,Winter,3768
Wind,Spring,7724
Wind,Winter,7998
Wind,Summer,2234
Wind,Spring,16915
Wind,Fall,13662
Wind,Summer,2503
Wind,Spring,2749
Wind,Fall,11651
Wind,Fall,8194
Solar,Spring,5090
Wind,Spring,1780
Wind,Spring,9795
Wind,Fall,13588
Solar,Winter,6281
Wind,Fall,3679
Wind,Winter,3938
Wind,Summer,1216
Wind,Fall,570
Wind,Winter,17729
Solar,Summer,10821
Wind,Winter,16998
Wind,Spring,6015
Wind,Summer,9503
Solar,Summer,4591
Wind,Winter,5439
Wind,Summer,2389
Wind,Summer,2739
Wind,Winter,7154
Wind,Fall,6038
Solar,Fall,4346
Wind,Winter,4441
Wind,Fall,12031
Wind,Winter,4808
Wind,Spring,6774
Wind,Winter,6439
Solar,Fall,6509
Solar,Spring,4040
Wind,Summer,3495
Solar,Summer,4726
Wind,Winter,7175
Wind,Spring,4686
Wind,Fall,11571
Wind,Fall,18781
Wind,Summer,1582
Wind,Summer,5034
Wind,Fall,3726
Wind,Winter,7785
Solar,Summer,3850
Wind,Fall,5298
Wind,Summer,16261
Wind,Summer,4379
Wind,Spring,10918
Wind,Fall,1885
Wind,Winter,13972
Wind,Fall,14676
Wind,Winter,5568
Wind,Fall,4675
Wind,Fall,6471
Wind,Fall,1780
Wind,Winter,5603
Wind,Spring,3729
Wind,Fall,8868
Wind,Summer,3600
Solar,Fall,1404
Wind,Spring,1194
Wind,Fall,1734
Wind,Summer,1719
Wind,Spring,1639
Wind,Winter,5362
Wind,Spring,6226
Wind,Fall,8314
Wind,Fall,2237
Solar,Summer,9095
Wind,Winter,9482
Wind,Fall,14400
Wind,Fall,12095
Wind,Fall,6851
Wind,Fall,1443
Wind,Winter,15039
Wind,Fall,2634
Wind,Fall,14454
Wind,Fall,7882
Solar,Spring,3912
Wind,Winter,8683
Wind,Summer,2951
Solar,Summer,4753
Wind,Summer,3271
Wind,Fall,3153
Wind,Fall,3526
Wind,Summer,7497
Solar,Summer,2992
Wind,Summer,1611
Wind,Summer,3763
Solar,Fall,5163
Wind,Fall,8521
Wind,Winter,8937
Wind,Summer,2426
Solar,Summer,5768
Wind,Summer,2323
Wind,Winter,15728
Wind,Spring,10519
Solar,Summer,5214
Wind,Summer,6948
Wind,Fall,8695
Wind,Summer,1310
Wind,Fall,6445
Wind,Winter,7828
Wind,Summer,3909
Wind,Fall,4704
Wind,Spring,2322
Wind,Winter,12230
Wind,Summer,9367
Wind,Fall,10499
Solar,Winter,4584
Wind,Spring,2714
Wind,Fall,3306
Solar,Summer,9733
Wind,Summer,2348
Wind,Winter,12959
Wind,Fall,3069
Wind,Winter,9036
Wind,Fall,11930
Wind,Summer,4635
Wind,Fall,2659
Wind,Summer,2324
Wind,Fall,3710
Wind,Winter,15777
Wind,Winter,1678
Wind,Winter,8130
Wind,Winter,2960
Wind,Spring,2818
Wind,Summer,3483
Wind,Spring,5023
Wind,Spring,4837
Wind,Spring,5996
Wind,Winter,1801
Wind,Summer,2861
Wind,Spring,2565
Solar,Spring,10273
Wind,Summer,5030
Wind,Fall,7176
Wind,Summer,5352
Wind,Fall,2776
Wind,Summer,3294
Wind,Fall,6839
Wind,Spring,9516
Wind,Spring,9748
Wind,Fall,5096
Solar,Spring,10743
Wind,Summer,791
Wind,Winter,5196
Wind,Spring,1435
Wind,Summer,1906
Wind,Winter,13169
Wind,Fall,20374
Wind,Fall,8207
Wind,Summer,3104
Wind,Winter,7379
Wind,Spring,11458
Wind,Winter,1854
Wind,Winter,5371
Solar,Fall,8533
Wind,Winter,3581
Solar,Spring,9526
Wind,Fall,2249
Wind,Winter,1761
Wind,Fall,11497
Wind,Fall,4489
Wind,Spring,705
Wind,Winter,8744
Wind,Winter,9123
Solar,Fall,3746
Wind,Winter,6219
Wind,Spring,10892
Wind,Spring,6074
Wind,Spring,599
Wind,Winter,2084
Solar,Summer,6443
Wind,Spring,5402
Wind,Spring,5703
Wind,Spring,10147
Wind,Winter,5091
Wind,Winter,3991
Wind,Spring,5515
Wind,Fall,2036
Wind,Winter,1089
Wind,Winter,10296
Wind,Summer,3100
Wind,Winter,14946
Wind,Summer,2981
Solar,Spring,7909
Solar,Spring,1951
Solar,Fall,5112
Wind,Summer,2592
Wind,Winter,6595
Wind,Spring,1240
Wind,Summer,5149
Wind,Spring,7693
Wind,Spring,13300
Wind,Summer,2329
Wind,Spring,3294
Wind,Summer,1132
Wind,Fall,13921
Wind,Summer,418
Wind,Summer,7613
Wind,Spring,8012
Wind,Summer,3322
Wind,Winter,9719
Wind,Winter,9462
Wind,Summer,7651
Wind,Fall,7462
Solar,Spring,4886
Wind,Winter,2724
Wind,Fall,5846
Wind,Winter,7525
Solar,Spring,1922
Wind,Fall,13071
Solar,Summer,4694
Wind,Spring,6015
Wind,Summer,2829
Wind,Winter,12847
Wind,Fall,1366
Solar,Summer,5860
Solar,Summer,8694
Wind,Fall,4673
Wind,Winter,11588
Solar,Summer,4763
Wind,Spring,6800
Solar,Fall,7713
Wind,Summer,2850
Wind,Summer,1326
Wind,Fall,9025
Wind,Spring,4149
Solar,Summer,2228
Wind,Fall,19077
Wind,Summer,4371
Wind,Fall,12320
Wind,Summer,3877
Wind,Fall,7464
Wind,Fall,2837
Wind,Spring,8875
Wind,Fall,1151
Solar,Fall,1691
Wind,Winter,2503
Wind,Summer,3886
Wind,Spring,2382
Wind,Fall,1558
Wind,Winter,8798
Wind,Fall,3150
Wind,Winter,2038
Solar,Summer,5744
Solar,Winter,2182
Wind,Summer,5142
Solar,Summer,2417
Solar,Spring,12362
Wind,Winter,18722
Wind,Winter,2732
Wind,Summer,2432
Wind,Summer,6646
Wind,Winter,13238
Wind,Winter,9991
Wind,Winter,2497
Wind,Winter,6048
Solar,Summer,3276
Wind,Fall,10196
Wind,Winter,4420
Solar,Summer,10129
Wind,Winter,3401
Solar,Fall,7701
Wind,Winter,15011
Wind,Winter,9880
Wind,Spring,6813
Wind,Fall,1329
Wind,Spring,8666
Wind,Winter,5055
Wind,Fall,5532
Wind,Winter,4973
Wind,Fall,7387
Solar,Spring,5191
Wind,Summer,3656
Solar,Spring,5901
Wind,Fall,1022
Wind,Spring,4872
Wind,Winter,9070
Wind,Fall,8939
Wind,Winter,3752
Wind,Spring,2623
Wind,Spring,9798
Wind,Fall,8652
Wind,Summer,7643
Wind,Spring,3900
Wind,Winter,13537
Wind,Fall,9320
Wind,Summer,3520
Wind,Winter,11858
Wind,Winter,2493
Wind,Summer,3502
Solar,Spring,6696
Wind,Fall,4424
Wind,Summer,3307
Wind,Spring,4387
Wind,Spring,3115
Wind,Summer,8305
Wind,Spring,4043
Wind,Winter,12288
Wind,Fall,8545
Wind,Spring,6904
Wind,Summer,4406
Wind,Spring,1779
Wind,Summer,2713
Wind,Winter,12006
Solar,Summer,7683
Wind,Winter,9947
Wind,Spring,6736
Wind,Fall,2575
Solar,Summer,3228
Wind,Spring,8872
Wind,Spring,6066
Solar,Spring,7679
Wind,Winter,10533
Solar,Summer,2040
Wind,Fall,15965
Solar,Summer,1895
Wind,Winter,2188
Solar,Spring,5986
Solar,Summer,3778
Solar,Winter,6835
Wind,Winter,3993
Wind,Winter,6171
Wind,Spring,9640
Wind,Winter,8538
Wind,Winter,6417
Wind,Winter,12569
Wind,Fall,3996
Wind,Fall,10365
Wind,Spring,8030
Wind,Summer,11662
Wind,Spring,3745
Wind,Winter,5595
Solar,Summer,7212
Wind,Spring,2082
Wind,Fall,14252
Solar,Summer,7330
Wind,Fall,2004
Wind,Fall,6727
Wind,Spring,5529
Wind,Winter,1749
Solar,Summer,4214
Wind,Winter,12999
Wind,Spring,10967
Wind,Winter,11448
Solar,Spring,5742
Wind,Fall,4105
Wind,Winter,18306
Wind,Fall,11005
Wind,Spring,3785
Wind,Winter,7846
Solar,Fall,2992
Wind,Spring,10254
Wind,Spring,2676
Wind,Winter,9711
Wind,Summer,1818
Wind,Summer,1225
Solar,Spring,7534
Wind,Fall,3353
Wind,Summer,4955
Wind,Summer,9176
Wind,Winter,5046
Wind,Spring,2900
Wind,Fall,6799
Solar,Spring,2613
Wind,Summer,7811
Wind,Fall,5570
Wind,Summer,8013
Wind,Summer,2550
Wind,Winter,11091
Wind,Spring,5262
Wind,Winter,14791
Wind,Fall,1822
Wind,Spring,2114
Wind,Summer,3654
Wind,Summer,1922
Solar,Spring,2305
Wind,Fall,1319
Wind,Fall,1181
Wind,Winter,1179
Solar,Summer,4705
Solar,Summer,3805
Wind,Spring,5564
Solar,Summer,9796
Wind,Fall,1634
Wind,Summer,2282
Wind,Summer,7228
Wind,Winter,2998
Wind,Spring,11551
Solar,Fall,6238
Wind,Fall,13978
Wind,Winter,10442
Wind,Winter,5875
Wind,Winter,3858
Wind,Fall,1304
Wind,Summer,1284
Wind,Summer,2898
Wind,Spring,15086
Wind,Winter,13290
Wind,Summer,2992
Wind,Winter,2459
Wind,Winter,5970
Solar,Summer,4853
Wind,Spring,11061
Wind,Summer,3335
Wind,Summer,2474
Wind,Summer,1433
Wind,Fall,1498
Wind,Winter,13708
Solar,Summer,9365
Wind,Fall,3710
Wind,Summer,6136
Solar,Summer,11359
Wind,Spring,4941
Wind,Spring,1493
Wind,Fall,4122
Wind,Fall,870
Wind,Winter,4872
Wind,Winter,15073
Wind,Summer,1571
Wind,Summer,1461
Wind,Winter,2570
Wind,Spring,6905
Wind,Summer,2324
Wind,Spring,5618
Wind,Winter,2566
Wind,Summer,11067
Wind,Winter,13948
Wind,Winter,7033
Wind,Spring,7299
Solar,Fall,2103
Wind,Fall,3528
Solar,Fall,6109
Wind,Fall,3169
Wind,Winter,5852
Wind,Winter,3236
Solar,Summer,5787
Wind,Spring,15114
Wind,Spring,3239
Wind,Fall,2060
Wind,Winter,12733
Solar,Fall,3235
Wind,Spring,5982
Solar,Fall,11438
Wind,Winter,6804
Solar,Fall,10670
Solar,Spring,7303
Wind,Summer,8390
Solar,Fall,4724
Wind,Winter,8359
Wind,Fall,6601
Wind,Spring,1487
Wind,Summer,3514
Wind,Summer,3719
Wind,Spring,3208
Wind,Winter,9363
Solar,Winter,4235
Wind,Spring,3966
Wind,Spring,2676
Wind,Winter,5399
Solar,Fall,6868
Solar,Spring,7027
Wind,Summer,896
Wind,Fall,4245
Wind,Winter,14883
Wind,Summer,2895
Wind,Fall,3743
Wind,Summer,1777
Solar,Summer,10781
Wind,Winter,6517
Wind,Winter,2137
Wind,Spring,7851
Wind,Summer,6156
Wind,Spring,1308
Solar,Summer,2606
Wind,Fall,8707
Solar,Summer,9267
Wind,Fall,8119
Wind,Fall,1392
Wind,Fall,7039
Wind,Spring,3564
Wind,Summer,1610
Solar,Winter,7670
Solar,Summer,9564
Wind,Spring,5888
Wind,Summer,1215
Wind,Fall,3488
Solar,Spring,2519
Solar,Fall,8766
Wind,Spring,5433
Wind,Summer,8021
Wind,Summer,7286
Wind,Winter,8675
Wind,Summer,1803
Wind,Spring,9919
Wind,Winter,12195
Wind,Winter,2850
Wind,Summer,5084
Solar,Summer,3413
Wind,Summer,2812
Wind,Winter,18898
Wind,Spring,4508
Wind,Winter,9277
Wind,Winter,1632
Wind,Summer,1325
Wind,Winter,4191
Wind,Summer,4409
Wind,Summer,5201
Wind,Spring,8110
Solar,Spring,2139
Wind,Winter,10044
Wind,Fall,6887
Wind,Spring,12041
Solar,Summer,3175
Wind,Winter,9972
Wind,Spring,11987
Wind,Winter,1157
Wind,Spring,7968
Wind,Fall,7489
Wind,Winter,1406
Wind,Spring,3581
Wind,Winter,14388
Wind,Winter,3128
Wind,Fall,2419
Wind,Winter,6986
Wind,Fall,1361
Wind,Summer,1592
Wind,Fall,3941
Wind,Summer,1339
Wind,Fall,5967
Wind,Spring,2891
Wind,Summer,2095
Wind,Summer,6554
Wind,Fall,7419
Wind,Winter,7404
Wind,Winter,8838
Wind,Winter,4019
Wind,Fall,10079
Wind,Summer,3247
Wind,Summer,6475
Wind,Fall,7845
Wind,Winter,2972
Wind,Winter,13564
Wind,Spring,679
Solar,Spring,3570
Wind,Fall,8203
Wind,Fall,7697
Wind,Spring,5924
Wind,Winter,3562
Wind,Fall,935
Solar,Summer,6177
Wind,Winter,2989
Wind,Fall,2492
Solar,Summer,6071
Wind,Spring,11873
Wind,Spring,4435
Wind,Spring,9243
Wind,Summer,1275
Wind,Fall,15875
Wind,Summer,8032
Wind,Summer,5447
Wind,Winter,8247
Wind,Winter,2010
Solar,Fall,9018
Wind,Winter,3590
Wind,Fall,1203
Wind,Winter,14522
Wind,Winter,13456
Wind,Winter,11760
Wind,Spring,5952
Wind,Spring,9714
Wind,Summer,1917
Wind,Winter,12274
Wind,Spring,8041
Wind,Winter,7212
Wind,Fall,3018
Wind,Spring,6080
Wind,Winter,17314
Wind,Spring,4779
Wind,Winter,8113
Wind,Winter,5123
Wind,Fall,9628
Wind,Summer,4571
Wind,Spring,4299
Wind,Spring,9097
Wind,Summer,4931
Wind,Fall,1060
Solar,Spring,10245
Wind,Winter,7435
Wind,Spring,3605
Wind,Spring,8533
Wind,Winter,7750
Wind,Fall,11756
Wind,Summer,3211
Wind,Winter,7791
Wind,Summer,3943
Wind,Summer,9578
Solar,Fall,12629
Wind,Summer,1472
Wind,Winter,3667
Wind,Spring,5856
Solar,Winter,6888
Solar,Summer,5963
Solar,Spring,9877
Wind,Summer,5414
Wind,Winter,2549
Wind,Summer,4856
Wind,Spring,4052
Wind,Summer,2821
Wind,Fall,15676
Wind,Spring,9667
Wind,Summer,12494
Wind,Spring,5038
Wind,Winter,8024
Wind,Spring,3839
Wind,Winter,9911
Wind,Winter,6788
Wind,Winter,11144
Wind,Spring,13938
Wind,Fall,5605
Wind,Summer,4869
Wind,Summer,2033
Solar,Spring,1676
Wind,Fall,3002
Wind,Winter,5211
Solar,Winter,5143
Wind,Winter,4329
Wind,Fall,5745
Wind,Fall,1794
Solar,Spring,6127
Wind,Spring,10697
Wind,Fall,11010
Wind,Summer,1801
Wind,Winter,3234
Wind,Fall,9888
Wind,Fall,6935
Solar,Winter,2716
Wind,Spring,2693
Wind,Spring,6463
Solar,Spring,5108
Solar,Spring,6871
Wind,Spring,9132
Wind,Fall,4845
Wind,Fall,5803
Wind,Fall,12793
Wind,Winter,5876
Solar,Summer,5278
Wind,Winter,3980
Wind,Fall,4548
Wind,Summer,2990
Wind,Fall,9659
Wind,Spring,4738
Wind,Spring,8363
Wind,Spring,4670
Solar,Fall,4982
Solar,Fall,5167
Wind,Summer,2771
Wind,Fall,15183
Wind,Summer,11333
Wind,Winter,3212
Solar,Summer,5662
Wind,Winter,14688
Wind,Spring,2422
Wind,Spring,7172
Wind,Spring,5012
Wind,Fall,8100
Wind,Fall,2155
Wind,Winter,12803
Wind,Fall,4723
Wind,Summer,1643
Wind,Summer,2972
Solar,Summer,4072
Wind,Spring,9570
Solar,Spring,3015
Wind,Fall,8303
Wind,Winter,6095
Wind,Summer,6545
Wind,Winter,9041
Solar,Spring,6562
Wind,Summer,3640
Wind,Fall,10396
Wind,Spring,2627
Wind,Fall,6234
Wind,Winter,2388
Solar,Spring,7316
Solar,Fall,9763
Solar,Winter,4709
Solar,Spring,9899
Solar,Winter,4011
Wind,Winter,1810
Wind,Spring,7087
Wind,Winter,17620
Wind,Fall,12602
Solar,Fall,2291
Wind,Winter,6877
Wind,Spring,20267
Wind,Fall,3350
Solar,Summer,7247
Wind,Fall,408
Solar,Fall,10166
Wind,Fall,2242
Wind,Spring,8480
Wind,Fall,256
Wind,Spring,11653
Wind,Summer,7081
Solar,Fall,3391
Wind,Fall,2316
Wind,Winter,1821
Wind,Fall,10478
Wind,Spring,4874
Wind,Summer,2568
Wind,Winter,8131
Wind,Winter,2938
Wind,Summer,1499
Wind,Winter,3300
Wind,Winter,15551
Wind,Summer,717
Wind,Spring,2526
Wind,Fall,8655
Wind,Spring,6445
Wind,Summer,3751
Wind,Winter,16471
Solar,Summer,4206
Wind,Summer,2660
Wind,Winter,2189
Wind,Winter,17785
Solar,Summer,4743
Wind,Fall,9938
Wind,Fall,554
Wind,Fall,7784
Wind,Spring,8220
Wind,Summer,3130
Wind,Fall,5937
Wind,Summer,1392
Wind,Winter,6165
Solar,Spring,4127
Wind,Winter,3446
Wind,Spring,10520
Solar,Summer,7100
Wind,Spring,9012
Wind,Fall,12287
Wind,Summer,11630
Wind,Fall,3089
Wind,Fall,696
Wind,Fall,6661
Wind,Spring,4246
Wind,Spring,12302
Wind,Fall,6169
Wind,Winter,2533
Wind,Spring,4079
Wind,Fall,6850
Wind,Winter,9368
Wind,Spring,5053
Wind,Summer,4393
Wind,Winter,1708
Wind,Summer,434
Wind,Spring,12447
Wind,Fall,3646
Wind,Winter,3488
Solar,Summer,4749
Solar,Spring,9198
Wind,Winter,3168
Wind,Spring,6284
Wind,Winter,5376
Wind,Fall,7759
Wind,Summer,1054
Wind,Fall,2751
Solar,Winter,2528
Wind,Spring,851
Solar,Fall,3037
Wind,Summer,2669
Wind,Spring,8732
Wind,Summer,1815
Wind,Spring,2892
Wind,Summer,1439
Wind,Spring,2605
Wind,Fall,1291
Wind,Fall,3910
Solar,Summer,8646
Wind,Summer,1437
Solar,Summer,7998
Wind,Winter,11206
Wind,Fall,8628
Solar,Summer,3922
Wind,Fall,3519
Wind,Fall,2552
Solar,Spring,6831
Wind,Spring,5406
Solar,Summer,8661
Wind,Fall,4472
Wind,Winter,5210
Wind,Summer,1301
Wind,Summer,2301
Wind,Winter,4041
Wind,Fall,8537
Wind,Winter,12189
Wind,Winter,7878
Solar,Fall,1760
Wind,Spring,4076
Wind,Winter,13683
Wind,Spring,2012
Wind,Spring,4391
Wind,Summer,1350
Wind,Spring,4479
Wind,Spring,2882
Wind,Fall,6743
Wind,Spring,10187
Wind,Fall,12730
Wind,Fall,15669
Wind,Spring,15698
Solar,Winter,5027
Wind,Winter,2415
Wind,Spring,4743
Wind,Winter,16218
Wind,Fall,2499
Solar,Summer,7392
Wind,Fall,10392
Wind,Winter,16782
Wind,Winter,3190
Wind,Winter,17216
Wind,Winter,3050
Wind,Winter,13224
Solar,Spring,4523
Wind,Winter,4934
Wind,Summer,3457
Wind,Fall,17409
Wind,Spring,9747
Solar,Spring,4918
Wind,Summer,7089
Wind,Fall,1529
Solar,Summer,5339
Wind,Fall,3181
Wind,Summer,3635
Wind,Winter,1713
Wind,Summer,3214
Wind,Spring,7879
Solar,Summer,6389
Wind,Fall,11636
Wind,Winter,6809
Solar,Spring,3169
Wind,Winter,3793
Wind,Spring,6559
Wind,Fall,6407
Wind,Spring,9546
Wind,Summer,1153
Wind,Summer,2021
Solar,Summer,8508
Wind,Winter,4286
Solar,Summer,6951
Wind,Winter,11014
Solar,Summer,7785
Wind,Winter,6085
Wind,Winter,6094
Solar,Summer,3086
Wind,Fall,988
Wind,Winter,8472
Wind,Spring,7935
Wind,Winter,2090
Wind,Spring,4808
Wind,Fall,10187
Wind,Fall,3707
Wind,Fall,2835
Wind,Winter,7306
Wind,Spring,7482
Wind,Winter,7548
Solar,Winter,3615
Solar,Summer,9839
Wind,Fall,2131
Wind,Fall,6181
Wind,Fall,2426
Solar,Winter,9119
Wind,Fall,547
Wind,Summer,6832
Wind,Winter,5658
Solar,Summer,4495
Wind,Spring,10695
Wind,Fall,13602
Wind,Winter,2003
Wind,Spring,10422
Wind,Winter,4652
Wind,Summer,2474
Wind,Winter,11280
Wind,Fall,7122
Wind,Summer,9135
Wind,Summer,7083
Wind,Summer,4070
Solar,Winter,1733
Wind,Winter,8960
Wind,Winter,5086
Wind,Summer,2730
Solar,Fall,8381
Solar,Spring,7459
Wind,Summer,6972
Wind,Spring,1497
Wind,Summer,1366
Wind,Summer,4860
Wind,Summer,1572
Wind,Spring,7815
Wind,Fall,3732
Wind,Spring,4561
Wind,Winter,11382
Solar,Winter,2984
Wind,Winter,2993
Solar,Spring,4478
Wind,Winter,2609
Wind,Fall,6495
Wind,Winter,5370
Wind,Winter,13313
Wind,Spring,2924
Wind,Spring,6097
Wind,Winter,3917
Wind,Winter,5795
Wind,Summer,5915
Wind,Fall,823
Wind,Fall,11710
Wind,Winter,7383
Wind,Fall,12118
Wind,Winter,12686
Wind,Summer,1825
Solar,Spring,4591
Wind,Fall,5063
Wind,Winter,5670
Wind,Fall,2294
Wind,Spring,8135
Solar,Summer,4823
Wind,Fall,1584
Wind,Spring,2710
Wind,Summer,2157
Wind,Summer,5041
Wind,Fall,17291
Wind,Winter,3943
Wind,Spring,1227
Wind,Summer,2887
Wind,Summer,2653
Wind,Fall,7672
Solar,Spring,9317
Wind,Winter,3220
Wind,Summer,9162
Wind,Fall,2754
Wind,Fall,4880
Wind,Spring,11117
Wind,Spring,9502
Wind,Summer,1627
Solar,Fall,2948
Wind,Spring,1219
Wind,Spring,7209
Wind,Winter,6228
Solar,Fall,4468
Wind,Spring,15285
Wind,Spring,6637
Wind,Fall,8440
Wind,Fall,6160
Wind,Fall,672
Wind,Winter,4052
Wind,Spring,3321
Wind,Winter,5705
Wind,Winter,7756
Wind,Fall,1649
Wind,Winter,10231
Wind,Spring,3175
Wind,Spring,5102
Wind,Summer,18635
Solar,Fall,5922
Solar,Fall,6087
Solar,Spring,7289
Wind,Winter,1973
Wind,Fall,1010
Solar,Summer,3093
Wind,Fall,797
Wind,Fall,4812
Wind,Summer,547
Wind,Winter,18787
Wind,Winter,16227
Solar,Fall,3259
Wind,Spring,13750
Wind,Summer,4791
Wind,Spring,5839
Wind,Summer,6696
Solar,Spring,9156
Wind,Summer,3168
Wind,Summer,5028
Solar,Summer,8281
Wind,Winter,14963
Wind,Spring,7536
Wind,Fall,5090
Wind,Spring,3235
Wind,Fall,8339
Solar,Spring,2820
Wind,Winter,4446
Wind,Winter,5445
Wind,Winter,17822
Wind,Spring,2793
Wind,Summer,4126
Wind,Spring,11427
Wind,Fall,3840
Wind,Spring,3512
Wind,Spring,2924
Wind,Winter,3266
Wind,Summer,2945
Solar,Spring,4062
Wind,Fall,8644
Wind,Spring,10081
Wind,Summer,749
Wind,Fall,3605
Solar,Summer,6897
Wind,Spring,3134
Solar,Spring,824
Wind,Winter,13112
Wind,Winter,12588
Wind,Summer,1049
Wind,Spring,7648
Wind,Winter,2254
Solar,Fall,4854
Wind,Fall,1674
Wind,Fall,14521
Wind,Winter,1558
Wind,Summer,2330
Solar,Summer,7754
Wind,Summer,6072
Wind,Summer,902
Wind,Fall,7127
Wind,Fall,2517
Wind,Fall,9942
Wind,Spring,4797
Wind,Spring,7997
Wind,Fall,888
Wind,Spring,7921
Wind,Summer,3466
Wind,Winter,11145
Wind,Spring,2963
Wind,Summer,4092
Wind,Spring,2969
Wind,Winter,3015
Wind,Winter,6354
Wind,Winter,2717
Wind,Winter,2745
Wind,Winter,3164
Wind,Fall,2018
Wind,Summer,7543
Wind,Fall,16386
Wind,Spring,12237
Wind,Spring,5812
Wind,Winter,3550
Wind,Fall,625
Wind,Winter,10856
Solar,Spring,4558
Solar,Fall,5982
Solar,Fall,3881
Wind,Spring,5688
Solar,Spring,4504
Wind,Summer,647
Wind,Winter,7540
Solar,Fall,3802
Wind,Spring,5819
Solar,Spring,3648
Wind,Fall,2384
Wind,Spring,2989
Wind,Spring,18710
Wind,Summer,3865
Wind,Spring,5633
Wind,Spring,11296
Wind,Winter,13942
Solar,Spring,7993
Solar,Winter,2890
Wind,Summer,2095
Wind,Summer,1463
Wind,Spring,9809
Solar,Summer,8353
Wind,Spring,7599
Wind,Fall,6611
Wind,Winter,6958
Wind,Winter,7175
Wind,Fall,3853
Wind,Summer,1813
Solar,Spring,7169
Wind,Fall,1549
Wind,Winter,13787
Wind,Winter,2438
Wind,Winter,2887
Wind,Summer,2973
Wind,Fall,2454
Wind,Spring,3267
Wind,Spring,7013
Wind,Summer,2173
Wind,Spring,6054
Wind,Spring,1174
Wind,Fall,1159
Wind,Winter,7579
Solar,Fall,5088
Wind,Winter,5941
Solar,Spring,8368
Solar,Summer,3531
Wind,Summer,8152
Wind,Winter,12118
Wind,Summer,7031
Solar,Summer,5891
Wind,Spring,3662
Wind,Spring,15750
Solar,Fall,5312
Wind,Fall,5478
Solar,Summer,8358
Wind,Summer,2435
Wind,Winter,6694
Wind,Spring,7054
Wind,Spring,7957
Solar,Fall,5200
Wind,Winter,2583
Wind,Fall,10341
Wind,Winter,2260
Wind,Fall,1957
Solar,Fall,4581
Solar,Summer,3658
Solar,Summer,6815
Wind,Spring,939
Wind,Summer,11094
Wind,Fall,3769
Wind,Summer,1574
Wind,Fall,1554
Wind,Spring,10050
Wind,Winter,4998
Wind,Summer,1787
Wind,Winter,5494
Wind,Spring,7372
Solar,Spring,3863
Wind,Spring,5614
Wind,Summer,6927
Wind,Spring,11274
Wind,Winter,541
Wind,Winter,10213
Solar,Summer,4992
Wind,Fall,6596
Solar,Fall,3556
Wind,Summer,1494
Wind,Spring,4518
Wind,Spring,10970
Wind,Spring,7378
Wind,Fall,3305
Wind,Fall,1565
Wind,Summer,4269
Wind,Spring,1454
Solar,Summer,8862
Wind,Winter,5921
Wind,Summer,4735
Wind,Summer,1256
Wind,Spring,6470
Wind,Summer,2802
Wind,Summer,4656
Wind,Summer,5847
Wind,Summer,3321
Wind,Spring,2773
Solar,Spring,3089
Wind,Spring,3698
Wind,Fall,3807
Wind,Fall,5905
Wind,Spring,3380
Solar,Fall,4842
Wind,Summer,1433
Wind,Winter,3052
Wind,Summer,2554
Wind,Summer,10874
Wind,Winter,5386
Solar,Winter,5983
Wind,Summer,4258
Wind,Winter,6733
Wind,Winter,8749
Wind,Winter,3583
Wind,Fall,4374
Wind,Spring,10812
Wind,Fall,925
Wind,Winter,8470
Wind,Summer,3347
Wind,Summer,2607
Wind,Fall,6263
Wind,Winter,15050
Wind,Summer,4743
Wind,Summer,14060
Wind,Fall,11411
Wind,Summer,5749
Wind,Fall,798
Wind,Winter,12386
Wind,Fall,11928
Wind,Spring,6357
Wind,Spring,5353
Wind,Spring,21589
Wind,Spring,6377
Wind,Spring,1673
Wind,Winter,3510
Wind,Winter,16773
Solar,Fall,4387
Wind,Fall,10464
Wind,Winter,14088
Wind,Summer,5131
Solar,Spring,3344
Wind,Fall,4378
Solar,Fall,4045
Solar,Fall,6701
Wind,Winter,5288
Wind,Winter,3069
Wind,Winter,4835
Wind,Winter,2647
Wind,Winter,1799
Wind,Winter,8817
Wind,Fall,5057
Solar,Fall,5076
Wind,Spring,4532
Solar,Summer,6428
Wind,Fall,13466
Solar,Summer,7115
Wind,Spring,3526
Solar,Fall,9458
Wind,Winter,11446
Wind,Spring,3360
Wind,Fall,1817
Solar,Winter,3115
Wind,Spring,11013
Wind,Winter,3960
Wind,Winter,8718
Wind,Winter,6300
Wind,Winter,12425
Wind,Winter,2808
Wind,Summer,1432
Wind,Spring,4294
Wind,Spring,10640
Wind,Spring,4370
Wind,Spring,4813
Wind,Fall,7909
Wind,Winter,2660
Wind,Summer,10085
Solar,Summer,6220
Wind,Summer,1497
Wind,Winter,1611
Wind,Fall,3875
Wind,Spring,7274
Wind,Spring,9140
Wind,Fall,8584
Solar,Spring,4295
Wind,Fall,12357
Wind,Fall,6926
Solar,Fall,4217
Wind,Spring,10073
Wind,Summer,9445
Wind,Winter,7302
Wind,Summer,3851
Wind,Summer,14187
Wind,Fall,2823
Solar,Spring,6220
Wind,Winter,4944
Wind,Summer,8081
Wind,Fall,641
Wind,Summer,2594
Wind,Summer,1015
Wind,Spring,7740
Wind,Winter,6371
Wind,Winter,16997
Solar,Winter,5994
Wind,Summer,2174
Wind,Spring,9778
Wind,Winter,15331
Wind,Fall,8239
Solar,Summer,1256
Wind,Spring,4689
Wind,Spring,4806
Wind,Winter,4219
Solar,Fall,4404
Wind,Spring,5953
Solar,Summer,9032
Solar,Spring,10069
Wind,Winter,12404
Wind,Spring,16321
Wind,Spring,2471
Wind,Winter,3088
Wind,Fall,8670
Wind,Spring,3908
Solar,Summer,8950
Wind,Spring,7886
Wind,Spring,10727
Wind,Fall,4188
Wind,Winter,12204
Solar,Spring,6472
Wind,Fall,10477
Wind,Winter,861
Solar,Summer,2500
Wind,Fall,3908
Wind,Spring,11247
Wind,Fall,7978
Wind,Summer,2830
Wind,Summer,2839
Wind,Spring,15521
Wind,Spring,15076
Wind,Fall,5196
Solar,Spring,6710
Wind,Spring,4222
Wind,Fall,12351
Wind,Summer,2766
Wind,Fall,2536
Wind,Winter,13116
Wind,Spring,7061
Wind,Spring,9069
Wind,Spring,9083
Wind,Spring,4549
Wind,Winter,1662
Wind,Summer,1747
Wind,Spring,4394
Solar,Spring,4281
Solar,Fall,5635
Wind,Fall,4402
Solar,Spring,5753
Wind,Winter,15487
Solar,Summer,3617
Wind,Fall,4363
Solar,Spring,5407
Wind,Spring,4323
Solar,Fall,2705
Wind,Spring,7590
Solar,Spring,5160
Wind,Fall,5560
Solar,Summer,7961
Wind,Winter,11897
Wind,Spring,4079
Solar,Summer,3995
Solar,Summer,7542
Wind,Fall,6196
Solar,Summer,4187
Wind,Summer,2407
Wind,Spring,3236
Wind,Spring,2868
Solar,Fall,5349
Wind,Spring,9438
Solar,Summer,6890
Wind,Fall,2684
Wind,Summer,4962
Wind,Spring,5120
Wind,Fall,10716
Wind,Fall,3230
Wind,Spring,1773
Wind,Spring,6029
Wind,Summer,2688
Wind,Winter,9622
Wind,Spring,6972
Wind,Fall,2059
Solar,Winter,2442
Wind,Spring,11187
Wind,Winter,1571
Wind,Winter,2059
Wind,Fall,4646
Solar,Fall,3920
Wind,Fall,7029
Wind,Fall,906
Wind,Fall,13656
Wind,Fall,12056
Wind,Spring,4620
Solar,Fall,8661
Wind,Fall,585
Wind,Winter,4751
Wind,Winter,1074
Wind,Fall,6154
Wind,Summer,1480
Wind,Summer,5763
Solar,Summer,6895
Wind,Fall,914
Wind,Winter,12649
Wind,Summer,3667
Wind,Winter,7837
Wind,Spring,7497
Wind,Winter,9311
Solar,Spring,7212
Wind,Winter,4003
Wind,Summer,5928
Solar,Summer,7668
Wind,Spring,8557
Wind,Summer,1275
Wind,Fall,12712
Wind,Spring,16599
Wind,Winter,5921
Wind,Winter,1442
Solar,Fall,5655
Wind,Summer,3812
Wind,Summer,3186
Wind,Winter,12902
Solar,Summer,3081
Solar,Fall,4330
Wind,Fall,10798
Wind,Winter,18515
Wind,Fall,9392
Wind,Fall,9349
Wind,Winter,1425
Wind,Spring,2702
Wind,Fall,14258
Wind,Summer,3270
Wind,Summer,4839
Solar,Spring,5404
Wind,Winter,15783
Wind,Winter,7282
Solar,Summer,7734
Wind,Winter,3435
Wind,Summer,1873
Wind,Spring,2013
Wind,Winter,12158
Wind,Spring,13555
Solar,Summer,6122
Wind,Spring,9312
Wind,Summer,3072
Wind,Fall,1071
Solar,Summer,2689
Solar,Summer,9509
Solar,Summer,11780
Solar,Spring,6963
Wind,Spring,4589
Wind,Spring,1370
Wind,Fall,2707
Wind,Fall,15369
Wind,Spring,10976
Wind,Fall,8290
Wind,Fall,2821
Wind,Summer,6947
Wind,Summer,3252
Wind,Winter,6533
Wind,Fall,15673
Wind,Winter,5070
Solar,Summer,5430
Wind,Fall,7729
Wind,Spring,9310
Wind,Winter,7890
Wind,Summer,3866
Wind,Summer,3207
Wind,Fall,3073
Wind,Winter,4838
Solar,Summer,8376
Wind,Winter,12811
Wind,Winter,8930
Wind,Fall,8562
Wind,Fall,14776
Wind,Winter,18951
Wind,Winter,8663
Wind,Spring,781
Wind,Winter,14417
Wind,Summer,2309
Wind,Spring,8815
Solar,Fall,8736
Wind,Fall,2347
Wind,Winter,5086
Wind,Spring,5432
Wind,Summer,3206
Solar,Spring,10254
Wind,Winter,16623
Wind,Winter,7579
Wind,Spring,9746
Solar,Spring,3767
Wind,Summer,3243
Wind,Spring,2169
Solar,Fall,8511
Wind,Winter,9481
Wind,Fall,2632
Wind,Spring,2161
Wind,Winter,11188
Wind,Spring,12574
Wind,Summer,1489
Solar,Summer,4907
Wind,Fall,3528
Wind,Fall,6966
Wind,Spring,7552
Solar,Summer,3148
Wind,Fall,3529
Wind,Summer,7588
Wind,Winter,13367
Wind,Spring,12201
Wind,Winter,11791
Wind,Fall,10294
Wind,Summer,1698
Wind,Fall,7546
Wind,Spring,9351
Wind,Summer,345
Wind,Summer,7413
Wind,Summer,8873
Wind,Summer,3978
Solar,Summer,4355
Wind,Spring,10029
Solar,Spring,3703
Wind,Winter,6776
Solar,Winter,3572
Wind,Spring,6090
Wind,Fall,3331
Wind,Winter,7968
Wind,Spring,11443
Wind,Winter,8034
Wind,Summer,4087
Wind,Fall,10635
Wind,Fall,4301
Wind,Summer,3277
Wind,Winter,10820
Wind,Summer,7646
Wind,Spring,7130
Solar,Spring,6848
Wind,Winter,15083
Solar,Summer,9347
Wind,Spring,6074
Wind,Winter,7647
Wind,Fall,1451
Wind,Summer,3458
Wind,Fall,6318
Wind,Summer,5472
Wind,Winter,1537
Wind,Fall,8484
Wind,Spring,8392
Wind,Winter,10639
Wind,Fall,7293
Wind,Fall,5774
Wind,Winter,9347
Wind,Fall,4867
Wind,Winter,10297
Solar,Summer,4128
Wind,Spring,11778
Solar,Fall,2748
Wind,Fall,12597
Wind,Summer,2712
Wind,Spring,19436
Wind,Spring,4887
Wind,Winter,1452
Wind,Fall,3701
Solar,Summer,4221
Wind,Spring,2329
Wind,Fall,8218
Wind,Fall,13615
Wind,Summer,2904
Wind,Fall,2253
Solar,Summer,2686
Wind,Fall,2384
Wind,Fall,8478
Wind,Fall,9643
Wind,Summer,8367
Wind,Summer,2481
Wind,Fall,4696
Wind,Spring,3385
Wind,Fall,2791
Wind,Spring,4128
Wind,Winter,12490
Wind,Winter,7990
Wind,Summer,5463
Solar,Fall,5588
Wind,Summer,3225
Wind,Winter,1541
Wind,Spring,8612
Wind,Spring,8375
Wind,Spring,4773
Wind,Fall,10215
Wind,Fall,4317
Wind,Summer,5455
Wind,Spring,3992
Wind,Fall,6406
Wind,Fall,1856
Wind,Summer,2413
Wind,Winter,6645
Solar,Spring,4887
Wind,Fall,7293
Wind,Fall,15251
Solar,Summer,10953
Wind,Fall,13356
Wind,Summer,2442
Wind,Summer,2989
Wind,Fall,6232
Wind,Spring,9004
Solar,Summer,9997
Solar,Summer,2847
Wind,Spring,4773
Wind,Winter,3152
Wind,Spring,1159
Solar,Summer,3517
Wind,Winter,14378
Wind,Fall,6204
Solar,Fall,3065
Solar,Winter,5030
Wind,Winter,6510
Wind,Fall,3904
Wind,Winter,3182
Wind,Summer,8397
Wind,Summer,1426
Solar,Winter,2836
Wind,Spring,912
Wind,Spring,11868
Wind,Summer,1641
Wind,Winter,7810
Wind,Winter,3067
Wind,Spring,1955
Wind,Spring,6413
Wind,Winter,8443
Wind,Spring,11121
Wind,Fall,4725
Wind,Fall,2697
Wind,Fall,3752
Wind,Summer,5153
Wind,Fall,1180
Wind,Winter,5575
Wind,Spring,4395
Wind,Summer,1900
Wind,Spring,5953
Wind,Fall,6422
Solar,Spring,3975
Wind,Fall,10529
Wind,Spring,9676
Wind,Spring,1401
Wind,Fall,4564
Solar,Summer,7191
Wind,Summer,1191
Wind,Spring,5328
Wind,Fall,1582
Wind,Winter,10947
Wind,Fall,731
Solar,Winter,4288
Wind,Winter,2552
Wind,Winter,6755
Wind,Fall,9152
Wind,Winter,15253
Wind,Summer,4541
Solar,Summer,6304
Wind,Spring,3562
Wind,Winter,13078
Wind,Summer,893
Solar,Spring,9953
Solar,Summer,2588
Wind,Winter,11616
Wind,Winter,6382
Solar,Summer,6807
Wind,Fall,2002
Wind,Winter,2337
Wind,Summer,484
Wind,Spring,9282
Wind,Summer,761
Wind,Spring,4567
Wind,Fall,3546
Wind,Spring,7992
Wind,Spring,749
Wind,Fall,7237
Wind,Fall,6598
Wind,Winter,6021
Wind,Winter,7036
Wind,Spring,14806
Wind,Fall,5164
Wind,Summer,4708
Solar,Spring,2778
Wind,Spring,7157
Wind,Summer,11252
Wind,Fall,8513
Wind,Winter,4845
Solar,Fall,4642
Wind,Winter,1541
Solar,Summer,5623
Wind,Spring,17592
Wind,Winter,2567
Wind,Spring,4446
Wind,Fall,3078
Wind,Spring,9153
Wind,Winter,4715
Wind,Winter,8457
Solar,Fall,3224
Wind,Winter,16048
Wind,Winter,2067
Wind,Spring,1891
Wind,Spring,10647
Solar,Fall,2694
Solar,Summer,4944
Solar,Spring,11358
Wind,Spring,6971
Wind,Spring,10827
Wind,Summer,1821
Solar,Summer,10151
Solar,Spring,7588
Wind,Winter,6119
Wind,Spring,9721
Solar,Summer,4881
Wind,Fall,3752
Wind,Summer,11115
Wind,Winter,6175
Wind,Summer,2074
Solar,Spring,7524
Wind,Spring,6169
Solar,Fall,10057
Wind,Spring,4709
Solar,Spring,4672
Wind,Spring,9814
Solar,Spring,2111
Wind,Spring,8341
Solar,Summer,4536
Wind,Winter,12067
Wind,Spring,3277
Solar,Summer,8642
Wind,Fall,8525
Wind,Fall,5182
Solar,Summer,7776
Wind,Fall,15364
Wind,Winter,7155
Wind,Spring,3310
Wind,Spring,3564
Wind,Summer,2221
Wind,Fall,13020
Wind,Winter,7647
Wind,Summer,5645
Wind,Summer,1216
Wind,Winter,8028
Wind,Winter,2079
Wind,Winter,1456
Wind,Fall,5204
Solar,Spring,7062
Wind,Fall,4756
Wind,Winter,3778
Wind,Spring,9188
Solar,Winter,2569
Wind,Fall,1520
Solar,Summer,6833
Wind,Winter,2750
Wind,Fall,8408
Wind,Spring,966
Solar,Summer,6427
Wind,Spring,13843
Wind,Fall,7758
Wind,Winter,8061
Wind,Fall,13480
Wind,Spring,3843
Wind,Fall,4636
Solar,Fall,3950
Solar,Summer,4697
Wind,Fall,2468
Wind,Fall,3132
Solar,Spring,2451
Wind,Spring,4096
Wind,Fall,3648
Solar,Summer,2983
Wind,Fall,236
Wind,Fall,5157
Wind,Summer,8828
Wind,Summer,3657
Solar,Summer,8401
Wind,Spring,1385
Wind,Winter,4476
Wind,Winter,7058
Wind,Summer,761
Wind,Winter,6293
Wind,Fall,4521
Solar,Spring,11797
Wind,Spring,2084
Wind,Fall,11741
Wind,Fall,7136
Wind,Winter,3325
Wind,Summer,3846
Wind,Spring,10679
Solar,Fall,4398
Wind,Spring,8681
Wind,Winter,15215
Wind,Spring,17967
Wind,Winter,7421
Wind,Fall,7388
Wind,Winter,11476
Solar,Summer,4059
Solar,Fall,3213
Wind,Fall,12902
Wind,Fall,4235
Wind,Summer,2308
Wind,Summer,1556
Wind,Summer,2498
Wind,Winter,1551
Solar,Fall,4004
Wind,Winter,8106
Solar,Summer,4225
Wind,Summer,3859
Solar,Summer,5804
Wind,Winter,1856
Wind,Spring,3414
Wind,Summer,2497
Wind,Summer,1790
Solar,Summer,9149
Solar,Fall,10830
Wind,Winter,8128
Wind,Spring,11811
Wind,Winter,6176
Wind,Winter,737
Wind,Spring,3498
Wind,Fall,354
Wind,Fall,1634
Wind,Spring,15078
Wind,Winter,872
Wind,Fall,6994
Wind,Spring,14361
Solar,Summer,5010
Solar,Fall,4587
Wind,Spring,13916
Wind,Fall,959
Wind,Spring,4172
Wind,Summer,3477
Wind,Fall,6757
Solar,Summer,7149
Wind,Winter,5819
Wind,Fall,2366
Wind,Winter,5973
Wind,Summer,878
Wind,Spring,7748
Wind,Fall,5599
Wind,Summer,4509
Wind,Spring,5083
Wind,Fall,2409
Wind,Spring,15283
Wind,Winter,2397
Wind,Spring,2801
Wind,Fall,2726
Solar,Summer,7338
Wind,Spring,13534
Wind,Spring,8252
Wind,Winter,11086
Solar,Spring,10040
Wind,Winter,6251
Wind,Fall,7693
Wind,Summer,2308
Wind,Summer,2243
Wind,Summer,3524
Wind,Winter,18923
Wind,Summer,2012
Wind,Spring,2653
Wind,Summer,5806
Solar,Winter,6522
Wind,Fall,7927
Wind,Winter,769
Wind,Winter,17862
Wind,Winter,5299
Wind,Spring,7584
Solar,Winter,7440
Solar,Spring,5656
Wind,Summer,3876
Solar,Spring,4064
Solar,Summer,3767
Wind,Summer,4643
Wind,Fall,1794
Wind,Winter,17844
Wind,Summer,7226
Wind,Fall,10309
Wind,Fall,2808
Wind,Summer,5469
Wind,Fall,5982
Wind,Summer,9695
Wind,Fall,869
Wind,Winter,3812
Wind,Spring,6010
Wind,Spring,3477
Wind,Fall,14936
Wind,Fall,1474
Wind,Summer,8978
Wind,Winter,3424
Wind,Fall,5680
Wind,Fall,7895
Wind,Spring,13005
Wind,Winter,5336
Wind,Spring,8140
Wind,Winter,5641
Wind,Summer,2958
Wind,Summer,2835
Solar,Summer,3527
Wind,Fall,6706
Wind,Fall,2045
Wind,Summer,7604
Solar,Summer,5176
Wind,Spring,3380
Wind,Winter,8733
Wind,Fall,3869
Wind,Spring,15683
Wind,Winter,15660
Wind,Winter,10513
Wind,Winter,16343
Wind,Fall,13683
Wind,Fall,6800
Wind,Summer,828
Wind,Spring,3355
Wind,Fall,2812
Solar,Summer,7785
Wind,Fall,12970
Wind,Summer,7680
Wind,Winter,2757
Wind,Spring,11154
Wind,Fall,8549
Wind,Spring,2707
Wind,Winter,2417
Wind,Winter,5181
Wind,Winter,4067
Wind,Winter,4718
Wind,Winter,7575
Wind,Summer,2343
Wind,Winter,16853
Wind,Summer,17628
Solar,Spring,1879
Wind,Fall,3394
Wind,Winter,9911
Wind,Fall,6432
Wind,Summer,1360
Wind,Winter,6036
Wind,Winter,17429
Solar,Spring,11298
Wind,Winter,4483
Solar,Winter,7320
Wind,Winter,16373
Wind,Spring,2043
Wind,Winter,3060
Wind,Spring,3812
Wind,Summer,5712
Wind,Summer,3960
Wind,Winter,2555
Wind,Fall,8025
Solar,Summer,4146
Wind,Summer,9480
Solar,Summer,3007
Wind,Spring,5832
Wind,Spring,4724
Solar,Summer,6254
Wind,Fall,3123
Solar,Summer,5742
Wind,Summer,7448
Wind,Fall,4188
Wind,Spring,5623
Wind,Spring,7964
Wind,Winter,11692
Wind,Spring,8982
Wind,Spring,4907
Wind,Fall,9305
Wind,Winter,8384
Wind,Winter,2424
Solar,Summer,8345
Wind,Spring,4232
Wind,Fall,748
Wind,Winter,7717
Wind,Fall,6336
Solar,Summer,4056
Wind,Fall,19997
Wind,Winter,10405
Wind,Fall,11104
Solar,Summer,10618
Solar,Winter,5527
Wind,Summer,9165
Wind,Summer,5624
Solar,Summer,8258
Wind,Spring,2806
Solar,Spring,4803
Solar,Fall,10238
Wind,Fall,5468
Solar,Fall,5162
Wind,Summer,3408
Wind,Spring,4406
Wind,Summer,3033
Wind,Fall,5906
Solar,Winter,5532
Solar,Fall,3928
Wind,Winter,2553
Wind,Fall,3569
Solar,Summer,5022
Wind,Winter,697
Wind,Spring,10033
Wind,Winter,12383
Wind,Summer,5492
Wind,Winter,12367
Wind,Winter,4857
Wind,Summer,6195
Wind,Winter,6280
Wind,Fall,10609
Wind,Winter,6001
Wind,Winter,13567
Wind,Summer,2636
Solar,Fall,3171
Wind,Summer,14227
Wind,Summer,3066
Solar,Summer,6184
Wind,Winter,745
Wind,Summer,2556
Wind,Fall,7368
Wind,Summer,4142
Wind,Summer,7051
Solar,Winter,6955
Wind,Winter,6005
Wind,Winter,18143
Wind,Winter,3871
Wind,Fall,6496
Wind,Spring,10741
Wind,Spring,4412
Wind,Winter,4731
Wind,Summer,945
Wind,Summer,3841
Solar,Fall,5098
Solar,Spring,2512
Wind,Fall,4651
Wind,Fall,3317
Solar,Spring,5817
Wind,Fall,3414
Wind,Winter,18315
Wind,Spring,7334
Wind,Summer,2491
Solar,Spring,2490
Wind,Spring,9216
Wind,Summer,2458
Wind,Spring,2210
Solar,Winter,4599
Wind,Winter,1576
Wind,Fall,10803
Solar,Spring,9275
Wind,Spring,2018
Wind,Spring,559
Wind,Winter,3919
Wind,Summer,2342
Wind,Summer,3228
Solar,Winter,4159
Solar,Summer,7735
Solar,Summer,11229
Wind,Summer,4238
Wind,Winter,10812
Solar,Spring,4176
Wind,Fall,16368
Wind,Fall,6726
Wind,Fall,9715
Wind,Spring,8287
Solar,Summer,3309
Wind,Summer,2631
Solar,Fall,4275
Solar,Summer,6948
Wind,Spring,5000
Solar,Winter,2679
Wind,Spring,5772
Wind,Fall,1696
Solar,Summer,3803
Solar,Spring,3094
Wind,Fall,4139
Wind,Fall,6708
Wind,Spring,847
Wind,Fall,1863
Wind,Fall,8533
Wind,Winter,5712
Wind,Spring,18195
Wind,Fall,10584
Wind,Summer,3440
Wind,Winter,7729
Wind,Fall,8306
Wind,Spring,8594
Solar,Winter,4368
Solar,Fall,2282
Wind,Fall,9890
Wind,Fall,1441
Wind,Winter,12318
Wind,Summer,1499
Wind,Winter,11222
Wind,Winter,12401
Wind,Summer,7839
Wind,Summer,1717
Wind,Spring,3697
Wind,Winter,11711
Wind,Summer,4138
Wind,Winter,9444
Wind,Summer,4156
Solar,Summer,7000
Wind,Fall,14314
Wind,Summer,4052
Wind,Fall,11395
Wind,Spring,12784
Solar,Summer,5725
Wind,Spring,9649
Solar,Winter,2688
Solar,Spring,3544
Wind,Fall,5298
Wind,Summer,9861
Solar,Fall,5752
Wind,Summer,1688
Wind,Winter,14158
Wind,Spring,9375
Wind,Fall,2394
Wind,Fall,8264
Wind,Fall,1071
Wind,Fall,2632
Wind,Winter,10839
Wind,Summer,3436
Wind,Summer,2065
Wind,Spring,417
Wind,Spring,4540
Wind,Spring,4826
Solar,Summer,3739
Wind,Summer,4566
Wind,Winter,686
Wind,Winter,3185
Wind,Spring,7115
Solar,Summer,5985
Wind,Spring,6670
Wind,Spring,3645
Wind,Winter,6245
Wind,Spring,6619
Wind,Fall,3067
Solar,Summer,1132
Wind,Spring,2462
Wind,Fall,4487
Wind,Summer,2516
Wind,Spring,15545
Wind,Summer,4981
Wind,Winter,7740
Wind,Winter,17068
Wind,Summer,4431
Wind,Fall,1285
Wind,Winter,3397
Wind,Spring,7273
Wind,Summer,3693
Wind,Spring,3112
Wind,Winter,8064
Wind,Summer,6573
Solar,Fall,1746
Wind,Winter,2111
Wind,Spring,10937
Wind,Spring,2221
Wind,Spring,7603
Wind,Winter,18790
Wind,Fall,1285
Wind,Fall,11993
Wind,Spring,6320
Wind,Spring,1709
Wind,Spring,12083
Wind,Winter,16900
Solar,Summer,9831
Wind,Winter,13808
Wind,Spring,8232
Wind,Spring,4546
Solar,Winter,9825
Wind,Spring,7561
Wind,Spring,8372
Wind,Fall,16867
Wind,Winter,3292
Solar,Fall,3849
Solar,Spring,7118
Wind,Summer,788
Wind,Winter,9076
Wind,Spring,12106
Wind,Summer,7587
Wind,Summer,8414
Wind,Winter,4617
Wind,Winter,12237
Wind,Winter,1493
Wind,Fall,6194
Solar,Summer,4441
Solar,Summer,7230
Wind,Winter,18217
Wind,Winter,2695
Solar,Summer,8406
Wind,Fall,17402
Wind,Fall,13049
Wind,Spring,6019
Wind,Winter,8809
Solar,Spring,8048
Wind,Fall,5089
Wind,Fall,5218
Wind,Fall,8016
Wind,Summer,3665
Wind,Winter,9249
Solar,Fall,4287
Wind,Summer,11218
Wind,Winter,2519
Wind,Fall,12595
Solar,Spring,6136
Wind,Fall,14411
Solar,Spring,8299
Wind,Spring,1507
Wind,Winter,8250
Wind,Winter,3877
Wind,Spring,7969
Wind,Summer,2313
Wind,Winter,3721
Wind,Winter,11763
Wind,Fall,1735
Wind,Spring,16314
Wind,Fall,3830
Wind,Spring,10029
Wind,Summer,6436
Wind,Winter,10560
Solar,Summer,7617
Wind,Summer,6004
Solar,Spring,2715
Wind,Summer,1440
Wind,Winter,1247
Wind,Fall,11829
Wind,Winter,4526
Wind,Spring,2045
Wind,Fall,8791
Wind,Winter,11527
Wind,Winter,5141
Wind,Winter,7754
Wind,Summer,10605
Solar,Summer,8772
Wind,Fall,10545
Wind,Winter,11019
Solar,Summer,10382
Wind,Spring,6607
Wind,Spring,3233
Wind,Summer,9310
Wind,Summer,1880
Wind,Winter,10754
Wind,Summer,3126
Solar,Fall,5451
Wind,Fall,3165
Wind,Fall,2800
Wind,Spring,6877
Wind,Summer,9816
Wind,Fall,2045
Wind,Summer,8606
Wind,Fall,3303
Solar,Spring,6560
Wind,Summer,10256
Wind,Fall,4407
Wind,Summer,5226
Wind,Winter,2068
Wind,Summer,4021
Wind,Winter,5440
Wind,Winter,6858
Wind,Winter,3589
Wind,Spring,7240
Wind,Fall,2847
Wind,Fall,3296
Wind,Spring,1982
Wind,Spring,5211
Wind,Fall,14879
Wind,Summer,4023
Solar,Fall,6940
Wind,Spring,14877
Wind,Summer,1119
Wind,Spring,4328
Wind,Spring,6056
Wind,Spring,6428
Wind,Summer,1005
Solar,Summer,3388
Wind,Winter,1572
Wind,Fall,1374
Wind,Spring,3436
Wind,Summer,5855
Wind,Summer,2447
Wind,Summer,1887
Wind,Spring,7156
Wind,Fall,11253
Wind,Summer,3930
Wind,Winter,8267
Wind,Spring,4275
Wind,Winter,3733
Wind,Summer,7331
Wind,Spring,3101
Wind,Fall,2395
Solar,Winter,5805
Wind,Fall,3732
Wind,Summer,12826
Solar,Spring,6290
Solar,Summer,4302
Wind,Fall,2834
Wind,Summer,2264
Solar,Fall,4014
Wind,Fall,10782
Wind,Winter,2268
Wind,Spring,16276
Wind,Summer,14087
Wind,Fall,1085
Wind,Summer,10600
Wind,Summer,3753
Wind,Spring,11434
Solar,Fall,6807
Wind,Winter,4360
Wind,Summer,4195
Wind,Winter,11288
Wind,Summer,1796
Wind,Fall,2686
Solar,Summer,8244
Wind,Spring,3071
Wind,Spring,4264
Wind,Spring,6906
Solar,Fall,5071
Wind,Spring,5202
Wind,Summer,3804
Wind,Summer,5286
Wind,Fall,2280
Wind,Spring,6988
Wind,Summer,3166
Wind,Spring,5058
Wind,Summer,6911
Wind,Fall,13048
Wind,Fall,7343
Wind,Spring,15549
Wind,Spring,6363
Wind,Spring,4802
Wind,Winter,11736
Wind,Fall,1770
Wind,Fall,7931
Wind,Winter,7038
Wind,Spring,2197
Solar,Summer,4806
Wind,Spring,8524
Wind,Winter,888
Wind,Winter,10664
Solar,Summer,3002
Wind,Fall,10431
Wind,Spring,4258
Wind,Fall,11697
Wind,Fall,2372
Wind,Winter,3271
Solar,Summer,5298
Wind,Winter,6635
Wind,Spring,14543
Wind,Spring,577
Wind,Summer,1375
Solar,Summer,2049
Wind,Spring,1473
Wind,Summer,1263
Wind,Fall,884
Wind,Summer,12305
Wind,Winter,6383
Solar,Summer,10854
Wind,Winter,13272
Wind,Winter,4543
Wind,Fall,6611
Wind,Winter,7999
Wind,Spring,5301
Wind,Winter,6313
Wind,Winter,4006
Wind,Fall,5638
Wind,Fall,622
Wind,Fall,2650
Wind,Winter,3694
Wind,Winter,6540
Wind,Summer,1465
Wind,Winter,12706
Wind,Winter,9859
Wind,Summer,728
Wind,Winter,11800
Wind,Spring,2587
Wind,Summer,5969
Solar,Spring,6613
Wind,Spring,6580
Solar,Spring,2794
Solar,Fall,4611
Wind,Spring,8227
Wind,Summer,13652
Wind,Fall,7859
Solar,Fall,4353
Wind,Summer,3610
Wind,Winter,1715
Wind,Fall,7818
Wind,Spring,8416
Wind,Fall,7464
Solar,Fall,5909
Wind,Winter,6713
Wind,Spring,6937
Wind,Spring,5489
Wind,Winter,1349
Wind,Summer,2250
Solar,Fall,6865
Wind,Winter,1579
Wind,Winter,11725
Wind,Spring,7919
Wind,Fall,14657
Wind,Winter,8402
Wind,Fall,6168
Wind,Fall,14508
Wind,Summer,916
Wind,Winter,5943
Wind,Winter,7153
Wind,Winter,3513
Wind,Spring,600
Solar,Summer,10461
Wind,Winter,4227
Solar,Summer,8765
Wind,Winter,9695
Wind,Winter,1374
Wind,Fall,8548
Solar,Summer,5753
Wind,Summer,6187
Wind,Winter,4799
Wind,Fall,4927
Wind,Winter,1396
Wind,Winter,5724
Solar,Summer,5718
Wind,Fall,11303
Wind,Summer,7928
Wind,Spring,6916
Wind,Fall,9973
Wind,Winter,6925
Wind,Spring,3039
Wind,Spring,5075
Wind,Spring,3300
Wind,Winter,5676
Wind,Winter,12240
Wind,Summer,2101
Solar,Fall,6439
Wind,Summer,6132
Wind,Summer,3954
Wind,Spring,4921
Wind,Summer,4981
Wind,Spring,4884
Wind,Fall,7424
Wind,Winter,7958
Wind,Summer,5505
Wind,Summer,7837
Wind,Winter,2800
Wind,Winter,3971
Wind,Winter,8242
Solar,Spring,4988
Wind,Fall,1684
Wind,Fall,2624
Solar,Spring,3091
Wind,Winter,1399
Wind,Fall,1712
Wind,Spring,6826
Wind,Fall,10905
Wind,Winter,8388
Wind,Winter,4559
Wind,Summer,3197
Wind,Spring,10846
Wind,Fall,6487
Wind,Winter,10281
Wind,Fall,11256
Wind,Spring,637
Wind,Summer,9550
Wind,Fall,10539
Wind,Summer,5645
Solar,Summer,8116
Wind,Summer,9773
Solar,Summer,16069
Wind,Spring,8791
Wind,Fall,2346
Solar,Winter,4494
Wind,Fall,2697
Wind,Fall,2392
Wind,Summer,1109
Wind,Summer,1771
Wind,Spring,5811
Wind,Spring,15694
Wind,Summer,3944
Wind,Spring,9704
Wind,Fall,1054
Wind,Spring,10222
Wind,Summer,3789
Wind,Winter,7182
Wind,Winter,5445
Wind,Spring,2251
Solar,Winter,3554
Solar,Winter,5551
Wind,Summer,1116
Wind,Summer,751
Wind,Fall,6358
Wind,Summer,5964
Solar,Summer,6958
Solar,Summer,6263
Solar,Spring,5395
Wind,Winter,8187
Wind,Summer,4013
Wind,Summer,7062
Wind,Summer,4525
Wind,Spring,4256
Wind,Fall,9964
Solar,Summer,6731
Wind,Summer,1474
Wind,Spring,7626
Wind,Fall,2198
Wind,Winter,651
Wind,Spring,4701
Wind,Fall,5394
Solar,Summer,9789
Wind,Summer,5548
Wind,Spring,7799
Wind,Summer,4080
Wind,Spring,2669
Wind,Winter,810
Wind,Spring,12163
Wind,Summer,506
Solar,Summer,3345
Wind,Summer,3434
Wind,Summer,8079
Solar,Summer,6209
Wind,Spring,5097
Wind,Winter,2504
Solar,Summer,3738
Wind,Fall,1488
Wind,Fall,5905
Wind,Spring,2681
Wind,Fall,10802
Solar,Summer,1719
Solar,Spring,3939
Solar,Summer,4719
Wind,Fall,8379
Wind,Winter,7331
Wind,Fall,11638
Wind,Spring,4939
Wind,Fall,11452
Wind,Winter,2987
Wind,Fall,2440
Wind,Summer,15987
Wind,Spring,3012
Wind,Summer,3959
Wind,Fall,4473
Wind,Fall,4316
Solar,Summer,3640
Wind,Winter,3110
Solar,Fall,3384
Wind,Summer,4396
Wind,Winter,11952
Wind,Fall,9534
Wind,Winter,3449
Wind,Winter,785
Wind,Summer,3960
Wind,Fall,3670
Solar,Summer,7022
Wind,Fall,8290
Wind,Winter,11237
Wind,Summer,4072
Wind,Winter,2272
Wind,Spring,11993
Wind,Spring,1517
Wind,Spring,11067
Wind,Fall,3297
Solar,Spring,4337
Solar,Fall,8576
Wind,Summer,754
Wind,Winter,14992
Wind,Summer,5671
Wind,Fall,6189
Wind,Winter,17336
Wind,Spring,2150
Wind,Spring,2780
Wind,Fall,475
Wind,Spring,9144
Wind,Fall,1805
Wind,Spring,12796
Wind,Spring,10158
Wind,Summer,4847
Wind,Winter,6934
Wind,Summer,2706
Wind,Summer,3872
Wind,Fall,2225
Wind,Summer,4890
Wind,Summer,3533
Wind,Summer,3770
Wind,Fall,7629
Wind,Summer,1666
Wind,Winter,3319
Solar,Fall,3052
Wind,Fall,5126
Solar,Spring,7792
Wind,Spring,6575
Wind,Spring,10580
Wind,Winter,6312
Wind,Summer,1335
Wind,Summer,1192
Wind,Winter,3402
Wind,Fall,6509
Wind,Summer,11749
Solar,Summer,8700
Wind,Winter,1542
Wind,Spring,9979
Wind,Fall,5584
Wind,Summer,3464
Solar,Summer,6878
Wind,Winter,8252
Wind,Summer,8681
Wind,Summer,7848
Wind,Spring,15563
Wind,Winter,14343
Wind,Winter,16050
Wind,Summer,3603
Solar,Spring,7896
Wind,Summer,2602
Wind,Summer,1703
Wind,Winter,6348
Wind,Fall,9647
Wind,Winter,14875
Wind,Summer,11353
Solar,Spring,4724
Wind,Winter,15051
Wind,Summer,6935
Wind,Spring,12110
Wind,Summer,1189
Wind,Fall,3994
Solar,Fall,5313
Wind,Spring,9382
Wind,Winter,6029
Wind,Fall,4003
Wind,Summer,10450
Wind,Spring,3755
Solar,Fall,2125
Wind,Winter,7875
Wind,Winter,15869
Wind,Fall,19758
Wind,Winter,3252
Solar,Winter,6688
Wind,Winter,7716
Wind,Fall,4788
Wind,Spring,4816
Solar,Summer,6683
Wind,Spring,3612
Wind,Summer,7075
Wind,Spring,4877
Wind,Summer,3218
Wind,Fall,12210
Wind,Winter,12121
Wind,Winter,18922
Wind,Fall,4158
Wind,Spring,1942
Wind,Winter,5150
Wind,Winter,2215
Wind,Winter,15311
Wind,Summer,6824
Wind,Winter,13408
Wind,Fall,7313
Wind,Fall,983
Wind,Winter,14167
Wind,Spring,1928
Wind,Summer,6027
Wind,Fall,5852
Wind,Summer,4764
Solar,Summer,4517
Wind,Fall,8433
Wind,Summer,16343
Wind,Fall,5635
Solar,Summer,3653
Wind,Fall,11801
Wind,Fall,14010
Wind,Fall,3222
Solar,Summer,7826
Wind,Spring,11074
Wind,Fall,5774
Wind,Winter,1341
Wind,Winter,16004
Wind,Winter,7704
Wind,Winter,4026
Wind,Spring,5845
Wind,Winter,4324
Wind,Spring,5155
Solar,Summer,9881
Wind,Winter,15238
Wind,Spring,3665
Wind,Spring,4326
Wind,Fall,5813
Wind,Fall,10323
Wind,Winter,1169
Wind,Summer,2853
Wind,Spring,6720
Wind,Fall,7627
Wind,Fall,1066
Solar,Fall,7650
Solar,Spring,4136
Solar,Spring,3727
Wind,Spring,10092
Solar,Fall,3207
Wind,Fall,8756
Wind,Winter,13305
Solar,Spring,5810
Wind,Fall,11415
Wind,Fall,5387
Wind,Fall,3630
Wind,Spring,4488
Wind,Winter,6817
Wind,Winter,9958
Wind,Winter,12301
Wind,Fall,11440
Wind,Summer,3719
Wind,Winter,13006
Wind,Summer,3267
Solar,Fall,6652
Solar,Summer,1835
Wind,Summer,5008
Wind,Summer,1353
Wind,Spring,10972
Wind,Winter,16091
Wind,Spring,4975
Wind,Winter,4390
Wind,Fall,4835
Wind,Winter,6187
Solar,Summer,4233
Wind,Summer,3154
Wind,Spring,6682
Wind,Summer,492
Solar,Summer,9703
Wind,Winter,12193
Wind,Fall,197
Wind,Spring,2913
Wind,Spring,4152
Wind,Summer,2154
Solar,Fall,3101
Solar,Spring,826
Wind,Spring,1234
Wind,Winter,3124
Wind,Summer,1516
Solar,Summer,6307
Wind,Fall,4985
Wind,Fall,2945
Wind,Spring,2781
Wind,Spring,1219
Wind,Summer,4990
Wind,Winter,3120
Wind,Winter,2704
Wind,Summer,1596
Solar,Fall,3100
Wind,Fall,8509
Wind,Spring,2732
Wind,Spring,5570
Wind,Summer,1415
Wind,Summer,7691
Wind,Fall,8624
Wind,Winter,8633
Solar,Fall,7285
Wind,Summer,6218
Solar,Summer,7754
Wind,Summer,4453
Wind,Summer,1772
Wind,Summer,5681
Wind,Spring,3281
Wind,Fall,4013
Wind,Spring,7542
Solar,Summer,6872
Wind,Fall,12221
Solar,Summer,7269
Solar,Fall,7756
Wind,Summer,1367
Solar,Summer,6635
Wind,Fall,1825
Wind,Spring,4944
Solar,Spring,7491
Wind,Fall,2139
Wind,Winter,5821
Wind,Summer,3155
Wind,Winter,2969
Wind,Spring,7974
Solar,Spring,3886
Wind,Winter,19431
Wind,Spring,11797
Wind,Fall,2853
Wind,Winter,10073
Solar,Summer,4791
Wind,Summer,6452
Solar,Spring,4059
Wind,Spring,14266
Wind,Fall,8641
Wind,Spring,3124
Wind,Fall,2367
Wind,Spring,11985
Wind,Spring,10607
Wind,Winter,14470
Wind,Summer,5924
Wind,Summer,7525
Wind,Winter,11753
Wind,Fall,1782
Wind,Fall,9228
Wind,Fall,4830
Wind,Fall,9246
Wind,Winter,14188
Wind,Winter,2303
Wind,Winter,18763
Solar,Winter,7283
Wind,Spring,2015
Solar,Spring,8651
Wind,Fall,2324
Wind,Summer,2474
Wind,Winter,7340
Wind,Winter,6969
Wind,Fall,1650
Solar,Spring,11786
Wind,Fall,6846
Solar,Fall,4615
Wind,Spring,12222
Solar,Summer,3605
Wind,Winter,847
Solar,Spring,4269
Wind,Winter,2987
Solar,Spring,5314
Wind,Summer,2328
Solar,Fall,6508
Wind,Fall,685
Wind,Fall,6150
Solar,Summer,6576
Wind,Spring,2914
Wind,Summer,2663
Wind,Winter,9393
Wind,Fall,486
Wind,Winter,1883
Wind,Spring,4280
Wind,Summer,8243
Wind,Summer,12714
Solar,Fall,3451
Wind,Spring,9508
Wind,Spring,6815
Solar,Summer,6251
Wind,Spring,5865
Wind,Spring,7686
Wind,Fall,4180
Wind,Winter,7205
Wind,Fall,931
Wind,Summer,1078
Wind,Winter,17520
Solar,Spring,6558
Wind,Summer,1620
Wind,Winter,548
Wind,Fall,3831
Solar,Summer,3343
Wind,Spring,2101
Wind,Spring,5648
Wind,Winter,10435
Wind,Fall,9150
Wind,Winter,10670
Wind,Spring,3349
Wind,Spring,11030
Wind,Spring,4508
Wind,Summer,1162
Wind,Spring,1606
Solar,Fall,4590
Solar,Fall,3182
Solar,Fall,5009
Wind,Fall,1376
Wind,Summer,2046
Wind,Summer,1571
Solar,Summer,7801
Wind,Summer,3695
Wind,Winter,13477
Solar,Spring,4010
Wind,Fall,11630
Wind,Summer,2067
Wind,Spring,7204
Wind,Winter,18205
Wind,Winter,11508
Wind,Summer,2692
Wind,Summer,4429
Wind,Summer,2032
Wind,Fall,1334
Wind,Fall,11315
Wind,Fall,4453
Wind,Summer,6015
Wind,Spring,3997
Solar,Fall,5899
Wind,Winter,4600
Wind,Summer,455
Solar,Fall,1917
Wind,Fall,705
Solar,Summer,4625
Wind,Summer,4205
Wind,Spring,552
Wind,Spring,11130
Solar,Summer,11067
Wind,Summer,1139
Wind,Fall,12788
Wind,Summer,2252
Wind,Fall,6560
Wind,Spring,7535
Wind,Winter,2976
Wind,Summer,2536
Wind,Fall,2120
Solar,Summer,9805
Solar,Summer,9739
Wind,Summer,4688
Wind,Fall,6077
Wind,Spring,4091
Solar,Spring,5051
Wind,Summer,2889
Wind,Summer,2592
Wind,Spring,1421
Solar,Summer,8753
Solar,Summer,4877
Wind,Fall,1001
Wind,Winter,4530
Wind,Spring,18987
Wind,Summer,3797
Wind,Winter,2504
Wind,Spring,8073
Wind,Spring,9699
Wind,Fall,3405
Wind,Summer,3012
Wind,Fall,2307
Wind,Spring,3630
Wind,Summer,5462
Wind,Winter,698
Wind,Winter,17198
Wind,Fall,9465
Wind,Winter,8542
Wind,Spring,12613
Solar,Spring,12452
Wind,Summer,7995
Wind,Spring,747
Wind,Winter,9500
Wind,Spring,2517
Wind,Winter,2252
Wind,Winter,4534
Wind,Fall,4144
Solar,Summer,7522
Wind,Spring,6476
Solar,Summer,4142
Solar,Spring,6783
Wind,Winter,9177
Wind,Spring,3054
Wind,Fall,12239
Wind,Fall,9640
Wind,Spring,8241
Wind,Spring,9726
Wind,Winter,5166
Wind,Fall,13158
Wind,Winter,2357
Solar,Summer,6848
Wind,Winter,2675
Wind,Fall,5308
Wind,Fall,7747
Wind,Fall,1095
Wind,Fall,4128
Wind,Winter,11705
Wind,Fall,4471
Solar,Summer,2588
Wind,Spring,3112
Wind,Spring,9438
Wind,Spring,10726
Wind,Spring,2228
Wind,Winter,5616
Wind,Winter,2311
Wind,Spring,3873
Wind,Spring,1613
Solar,Spring,4703
Wind,Fall,6779
Wind,Winter,5049
Wind,Fall,10748
Wind,Summer,2072
Wind,Summer,3728
Wind,Fall,6041
Wind,Spring,5596
Wind,Winter,18425
Wind,Winter,3945
Wind,Winter,18841
Wind,Winter,9758
Solar,Fall,4760
Wind,Fall,3540
Solar,Summer,2423
Wind,Fall,4803
Solar,Summer,4724
Solar,Spring,5050
Wind,Winter,5818
Wind,Fall,613
Wind,Winter,6262
Wind,Spring,8856
Wind,Fall,2453
Wind,Spring,4612
Wind,Summer,1411
Wind,Spring,4490
Wind,Winter,2985
Solar,Summer,4307
Wind,Spring,5032
Wind,Winter,2925
Wind,Winter,12759
Wind,Winter,1886
Wind,Spring,7030
Wind,Winter,13709
Wind,Spring,5870
Solar,Fall,4324
Wind,Fall,12704
Wind,Fall,3285
Wind,Winter,8847
Solar,Summer,10239
Wind,Winter,17700
Wind,Summer,6146
Wind,Fall,2432
Wind,Winter,8445
Wind,Winter,10192
Wind,Spring,3260
Wind,Summer,1257
Wind,Winter,12084
Wind,Spring,10966
Wind,Winter,1834
Wind,Fall,7488
Solar,Summer,4235
Wind,Fall,3840
Wind,Fall,1169
Wind,Fall,8973
Solar,Fall,5500
Wind,Spring,8605
Wind,Winter,13706
Wind,Fall,5864
Wind,Fall,2267
Solar,Spring,3728
Wind,Summer,7129
Wind,Summer,3874
Wind,Fall,2996
Solar,Winter,5824
Wind,Fall,1722
Wind,Spring,3621
Wind,Fall,16699
Wind,Winter,6025
Wind,Spring,1335
Wind,Summer,2701
Wind,Winter,12702
Wind,Spring,5818
Solar,Winter,3844
Wind,Fall,7217
Wind,Fall,10172
Solar,Fall,4412
Wind,Spring,6013
Wind,Fall,6725
Wind,Winter,13142
Solar,Spring,2030
Solar,Spring,7766
Wind,Spring,3662
Solar,Fall,6178
Wind,Summer,2892
Wind,Summer,6301
Wind,Winter,5142
Wind,Winter,8082
Solar,Spring,3598
Wind,Spring,8643
Wind,Summer,9554
Wind,Winter,4202
Wind,Spring,1803
Wind,Spring,4909
Wind,Winter,9014
Wind,Fall,2515
Wind,Summer,5007
Wind,Spring,3276
Wind,Spring,3945
Wind,Spring,2707
Wind,Spring,8097
Wind,Summer,7479
Wind,Fall,5757
Wind,Spring,1919
Solar,Summer,2611
Wind,Spring,13920
Wind,Summer,7320
Solar,Fall,4847
Wind,Summer,3854
Wind,Spring,3211
Wind,Summer,3621
Wind,Fall,2593
Wind,Fall,4629
Wind,Fall,2972
Wind,Summer,4452
Solar,Summer,2986
Wind,Spring,1781
Wind,Fall,16663
Wind,Spring,3569
Wind,Spring,5554
Wind,Summer,2753
Wind,Winter,9368
Wind,Fall,14722
Wind,Winter,2940
Wind,Fall,14582
Solar,Summer,4256
Wind,Fall,21130
Wind,Winter,8479
Wind,Summer,4201
Wind,Fall,11082
Wind,Fall,7563
Wind,Fall,18099
Wind,Fall,7424
Wind,Winter,7386
Wind,Winter,7524
Wind,Winter,2946
Wind,Fall,8345
Wind,Winter,10950
Wind,Winter,7384
Wind,Fall,1187
Solar,Summer,8450
Solar,Summer,4972
Wind,Fall,3618
Solar,Summer,8155
Wind,Winter,8366
Wind,Winter,5091
Wind,Fall,12139
Wind,Fall,1854
Solar,Fall,4950
Wind,Summer,5453
Wind,Winter,13974
Wind,Summer,2997
Wind,Fall,3557
Wind,Winter,15699
Wind,Winter,6413
Wind,Spring,919
Wind,Spring,790
Wind,Winter,17063
Wind,Spring,10725
Wind,Spring,4253
Wind,Spring,15606
Wind,Winter,6831
Wind,Winter,10062
Solar,Spring,5499
Wind,Spring,7447
Wind,Summer,3508
Wind,Winter,3310
Wind,Spring,9461
Wind,Fall,1225
Wind,Fall,2344
Solar,Fall,2771
Solar,Summer,5766
Solar,Spring,6816
Wind,Winter,2854
Wind,Winter,4724
Wind,Spring,8581
Wind,Summer,3539
Wind,Winter,9335
Solar,Fall,3775
Wind,Spring,7447
Wind,Summer,2137
Wind,Fall,2121
Wind,Summer,5398
Wind,Fall,5100
Solar,Spring,5136
Wind,Summer,2034
Wind,Spring,4008
Solar,Summer,7573
Wind,Fall,700
Wind,Spring,5880
Wind,Spring,2321
Wind,Fall,4747
Wind,Fall,6867
Wind,Spring,2170
Wind,Winter,4827
Solar,Fall,5149
Wind,Spring,6769
Wind,Spring,11081
Solar,Fall,10121
Solar,Fall,7924
Wind,Fall,10469
Solar,Spring,7312
Wind,Winter,6892
Wind,Summer,1974
Wind,Winter,6768
Solar,Winter,5814
Solar,Summer,8036
Wind,Winter,13907
Wind,Fall,2121
Solar,Summer,8871
Wind,Winter,5482
Wind,Spring,4837
Solar,Summer,11758
Solar,Spring,7092
Wind,Fall,9821
Wind,Winter,5906
Wind,Spring,9581
Solar,Summer,4126
Wind,Fall,9061
Wind,Fall,5538
Wind,Winter,10240
Wind,Spring,3792
Wind,Fall,6421
Wind,Fall,8505
Solar,Spring,4507
Wind,Spring,6998
Wind,Fall,16635
Wind,Spring,3258
Wind,Summer,2312
Solar,Summer,10194
Wind,Fall,13235
Wind,Spring,4841
Wind,Spring,9675
Wind,Summer,1992
Wind,Summer,3779
Wind,Winter,11896
Wind,Winter,7965
Wind,Fall,3195
Wind,Fall,4953
Wind,Fall,8436
Wind,Winter,2107
Wind,Winter,7070
Solar,Summer,3941
Wind,Summer,5611
Wind,Spring,2435
Wind,Summer,5332
Solar,Spring,10481
Wind,Fall,9522
Wind,Summer,4991
Wind,Winter,15075
Wind,Summer,2933
Solar,Fall,5469
Wind,Winter,3743
Wind,Fall,4073
Solar,Spring,1595
Wind,Fall,8883
Wind,Spring,9348
Wind,Fall,1857
Wind,Winter,11769
Wind,Winter,8804
Solar,Spring,6048
Solar,Summer,5496
Wind,Spring,6358
Wind,Spring,9994
Wind,Fall,1476
Wind,Spring,7492
Wind,Spring,12131
Wind,Fall,6247
Wind,Summer,1695
Wind,Winter,9644
Wind,Spring,6268
Wind,Spring,1193
Wind,Winter,5060
Wind,Summer,2864
Wind,Fall,546
Wind,Winter,6763
Wind,Winter,17557
Wind,Spring,1693
Wind,Fall,6946
Wind,Summer,736
Wind,Spring,3594
Wind,Fall,2170
Wind,Spring,4673
Wind,Spring,660
Wind,Spring,2413
Wind,Winter,3475
Solar,Winter,3805
Wind,Winter,9126
Wind,Winter,17602
Wind,Winter,16724
Solar,Summer,2472
Wind,Fall,5135
Wind,Spring,3141
Wind,Spring,9856
Wind,Fall,2244
Wind,Winter,16444
Wind,Spring,5318
Wind,Summer,7903
Wind,Winter,7099
Wind,Summer,4957
Wind,Summer,13975
Wind,Winter,1837
Wind,Spring,5295
Wind,Winter,1993
Wind,Winter,1808
Wind,Spring,6268
Wind,Summer,780
Wind,Winter,2877
Wind,Winter,9972
Solar,Spring,8432
Wind,Winter,13546
Wind,Winter,5475
Wind,Winter,18336
Wind,Fall,5067
Wind,Fall,648
Wind,Summer,5689
Solar,Fall,3096
Wind,Spring,4627
Wind,Summer,6293
Wind,Fall,6509
Wind,Winter,7042
Wind,Summer,1220
Wind,Fall,15564
Wind,Summer,1180
Wind,Spring,14394
Wind,Spring,1918
Wind,Spring,14163
Wind,Spring,6045
Wind,Spring,11408
Wind,Spring,2929
Wind,Fall,2998
Solar,Summer,7499
Wind,Summer,3258
Wind,Winter,4857
Wind,Fall,12356
Wind,Winter,6487
Wind,Summer,3161
Wind,Winter,13584
Wind,Spring,11122
Wind,Winter,14168
Wind,Fall,1674
Wind,Winter,11318
Wind,Spring,9557
Wind,Spring,1754
Solar,Summer,5627
Solar,Fall,6902
Wind,Fall,4563
Solar,Fall,6248
Solar,Summer,2918
Wind,Spring,6974
Wind,Summer,3934
Wind,Summer,9302
Wind,Spring,9127
Wind,Summer,1995
Wind,Summer,13743
Wind,Winter,3878
Wind,Fall,6965
Wind,Fall,4543
Wind,Summer,11920
Solar,Winter,4291
Wind,Spring,10464
Wind,Winter,7747
Wind,Summer,5843
Wind,Spring,5843
Wind,Summer,5229
Wind,Winter,3211
Wind,Summer,3727
Wind,Winter,12756
Wind,Summer,1428
Wind,Fall,5040
Wind,Winter,3172
Wind,Winter,4300
Wind,Spring,8263
Wind,Winter,3579
Wind,Fall,14868
Solar,Spring,5498
Wind,Summer,1200
Solar,Summer,8263
Solar,Fall,5679
Wind,Fall,9051
Wind,Fall,19753
Wind,Summer,3576
Wind,Winter,6919
Solar,Summer,3928
Solar,Summer,5620
Wind,Fall,1491
Wind,Spring,5664
Solar,Fall,2923
Solar,Winter,2306
Solar,Summer,5938
Solar,Summer,5500
Wind,Summer,4225
Wind,Winter,8883
Wind,Spring,5575
Wind,Winter,17318
Wind,Summer,1348
Wind,Fall,14429
Wind,Fall,3604
Wind,Fall,1890
Wind,Spring,9071
Wind,Winter,11119
Wind,Fall,5154
Wind,Fall,3375
Wind,Summer,1828
Wind,Spring,2444
Wind,Summer,9714
Wind,Winter,8787
Wind,Winter,8276
Wind,Summer,1192
Wind,Fall,2433
Wind,Fall,6891
Wind,Summer,2129
Wind,Spring,7735
Solar,Fall,5650
Wind,Winter,1188
Wind,Fall,6044
Wind,Winter,1090
Solar,Summer,2423
Wind,Fall,10380
Solar,Spring,5581
Wind,Fall,817
Wind,Fall,7806
Wind,Spring,1718
Wind,Spring,5353
Solar,Summer,2720
Wind,Spring,4199
Wind,Winter,1437
Wind,Fall,3511
Wind,Fall,4734
Wind,Winter,8542
Wind,Summer,2163
Wind,Fall,4593
Solar,Spring,3421
Wind,Spring,14523
Wind,Winter,4037
Wind,Fall,912
Solar,Fall,6141
Wind,Summer,5090
Wind,Fall,2069
Wind,Winter,11997
Wind,Summer,3558
Solar,Spring,9346
Wind,Fall,934
Solar,Summer,6672
Wind,Fall,8134
Wind,Fall,9550
Wind,Spring,6361
Wind,Winter,1837
Wind,Winter,8144
Wind,Fall,9900
Wind,Winter,9953
Solar,Fall,3309
Wind,Fall,6555
Wind,Summer,5104
Wind,Summer,1951
Wind,Summer,5983
Wind,Fall,13574
Solar,Summer,8561
Wind,Fall,11770
Wind,Winter,1668
Wind,Fall,10713
Wind,Winter,4461
Wind,Summer,5496
Wind,Fall,8076
Wind,Summer,11247
Wind,Winter,2993
Wind,Summer,704
Solar,Summer,3105
Wind,Summer,2967
Wind,Fall,8082
Wind,Spring,4273
Wind,Summer,2765
Solar,Summer,6571
Wind,Winter,6863
Wind,Summer,1289
Wind,Winter,15843
Wind,Winter,7997
Wind,Fall,20931
Wind,Summer,1927
Wind,Fall,10577
Wind,Winter,13412
Wind,Fall,1922
Wind,Spring,5346
Wind,Summer,1366
Wind,Winter,1746
Wind,Fall,711
Wind,Winter,12493
Wind,Winter,2232
Solar,Summer,7412
Wind,Winter,10046
Wind,Summer,2859
Wind,Summer,1625
Wind,Spring,7944
Solar,Spring,5220
Wind,Spring,5706
Solar,Summer,2630
Wind,Fall,2040
Solar,Summer,5526
Wind,Winter,6498
Solar,Fall,1367
Solar,Spring,7976
Wind,Summer,3357
Wind,Spring,3313
Wind,Fall,1827
Wind,Winter,10617
Solar,Summer,3779
Wind,Spring,1121
Wind,Winter,709
Wind,Spring,6229
Wind,Winter,1843
Wind,Spring,2283
Solar,Summer,5921
Wind,Summer,2166
Wind,Winter,6011
Wind,Spring,7970
Wind,Summer,10538
Wind,Winter,10798
Wind,Winter,13770
Wind,Fall,1805
Wind,Winter,2433
Wind,Summer,1765
Wind,Winter,5927
Wind,Fall,16559
Wind,Spring,7144
Solar,Summer,5580
Wind,Spring,8861
Wind,Summer,2038
Solar,Fall,5494
Wind,Spring,3540
Wind,Winter,3081
Wind,Winter,354
Wind,Summer,2939
Wind,Spring,1868
Wind,Winter,16044
Wind,Spring,3818
Wind,Winter,12775
Wind,Summer,1406
Wind,Spring,9389
Wind,Spring,11152
Wind,Winter,3472
Wind,Winter,11744
Wind,Summer,1211
Wind,Winter,14058
Wind,Summer,3738
Solar,Summer,7241
Solar,Spring,7678
Solar,Summer,3733
Solar,Spring,7214
Solar,Spring,4174
Wind,Summer,2396
Wind,Spring,9218
Solar,Spring,6501
Wind,Fall,5190
Wind,Fall,13231
Wind,Winter,8486
Solar,Summer,3945
Wind,Fall,3195
Solar,Summer,5733
Wind,Fall,15009
Wind,Summer,7894
Wind,Winter,8193
Wind,Summer,5847
Wind,Spring,14863
Wind,Spring,12077
Wind,Fall,8671
Wind,Fall,2496
Wind,Fall,664
Wind,Winter,12248
Wind,Spring,4622
Wind,Spring,8211
Wind,Summer,5370
Wind,Fall,12102
Wind,Spring,2635
Solar,Summer,2548
Wind,Summer,405
Wind,Winter,18396
Wind,Spring,4342
Wind,Fall,1107
Wind,Fall,3398
Wind,Winter,14357
Wind,Summer,1513
Solar,Spring,5092
Wind,Fall,7554
Solar,Summer,5062
Wind,Spring,4463
Wind,Spring,3208
Wind,Fall,8890
Wind,Winter,2473
Wind,Fall,12506
Wind,Summer,3237
Wind,Summer,5168
Wind,Fall,12341
Wind,Summer,1307
Wind,Winter,2686
Wind,Spring,6628
Solar,Summer,8927
Wind,Summer,2630
Solar,Fall,5716
Wind,Spring,7953
Wind,Summer,7064
Wind,Summer,6032
Wind,Spring,13004
Wind,Fall,2980
Wind,Spring,9346
Solar,Spring,4221
Wind,Winter,9931
Wind,Summer,11158
Wind,Fall,4732
Wind,Spring,4306
Wind,Winter,3015
Wind,Spring,6303
Wind,Fall,10653
Wind,Summer,1874
Wind,Spring,3315
Wind,Fall,4208
Wind,Summer,3593
Wind,Spring,2491
Wind,Spring,5778
Solar,Fall,3318
Wind,Winter,18096
Solar,Summer,4027
Wind,Fall,3219
Wind,Spring,4076
Wind,Summer,1530
Wind,Summer,5890
Wind,Fall,7993
Solar,Spring,5948
Solar,Summer,11543
Wind,Summer,5885
Wind,Fall,2502
Wind,Winter,15699
Wind,Fall,14047
Wind,Fall,5317
Wind,Summer,1759
Wind,Winter,7106
Wind,Spring,13001
Wind,Winter,12248
Solar,Summer,7791
Wind,Fall,8983
Wind,Summer,1738
Wind,Summer,2910
Wind,Fall,10052
Solar,Fall,5251
Wind,Winter,3438
Solar,Spring,7315
Wind,Winter,18507
Wind,Summer,3890
Wind,Fall,1793
Wind,Spring,16777
Wind,Fall,6360
Wind,Spring,11924
Wind,Fall,17043
Wind,Winter,8328
Wind,Fall,505
Wind,Spring,13945
Wind,Spring,9680
Solar,Fall,4035
Wind,Summer,12192
Wind,Winter,14920
Wind,Spring,4270
Wind,Fall,8974
Wind,Spring,12227
Wind,Summer,4610
Wind,Fall,4511
Wind,Spring,9279
Solar,Summer,7173
Wind,Fall,4517
Wind,Spring,4860
Wind,Fall,2173
Wind,Winter,14188
Wind,Summer,5372
Wind,Summer,5437
Wind,Fall,3038
Solar,Summer,5244
Wind,Fall,7785
Wind,Spring,2246
Wind,Spring,4362
Solar,Summer,6192
Wind,Fall,12856
Wind,Winter,17699
Solar,Fall,6259
Solar,Summer,7548
Wind,Winter,2401
Solar,Fall,7947
Wind,Winter,708
Solar,Summer,8163
Wind,Spring,11419
Solar,Summer,7666
Wind,Fall,9419
Wind,Summer,1407
Wind,Spring,7719
Wind,Spring,6005
Solar,Summer,4747
Wind,Summer,2958
Wind,Summer,5164
Wind,Winter,8307
Wind,Fall,4461
Wind,Winter,2892
Wind,Fall,6535
Wind,Winter,5900
Wind,Winter,1972
Wind,Winter,15228
Wind,Summer,2896
Wind,Summer,4324
Wind,Spring,9543
Solar,Fall,4759
Wind,Winter,1514
Solar,Summer,3179
Wind,Fall,4361
Wind,Summer,2376
Wind,Fall,3229
Wind,Winter,9862
Wind,Spring,4403
Wind,Spring,7635
Wind,Winter,8913
Wind,Winter,13892
Wind,Spring,12278
Wind,Fall,2080
Solar,Fall,11642
Wind,Summer,11488
Solar,Spring,9283
Wind,Spring,11202
Wind,Winter,4364
Solar,Fall,7328
Solar,Summer,10245
Wind,Spring,3501
Wind,Winter,10738
Wind,Spring,8154
Solar,Summer,6095
Wind,Summer,1816
Wind,Winter,5026
Wind,Summer,1942
Wind,Spring,7178
Wind,Spring,1843
Wind,Spring,5987
Wind,Winter,3792
Wind,Summer,4553
Wind,Spring,1187
Wind,Winter,3675
Solar,Winter,6610
Wind,Winter,1434
Wind,Fall,3641
Wind,Spring,1884
Wind,Summer,3777
Solar,Summer,5785
Solar,Fall,8857
Solar,Summer,3771
Solar,Spring,3231
Wind,Spring,4870
Wind,Summer,2944
Solar,Fall,1643
Wind,Winter,3851
Wind,Spring,9990
Wind,Spring,3338
Wind,Winter,16699
Wind,Fall,13024
Wind,Summer,10066
Wind,Winter,2196
Wind,Summer,2858
Wind,Spring,3077
Wind,Winter,9775
Wind,Fall,4092
Solar,Spring,5186
Solar,Summer,10562
Wind,Summer,4917
Wind,Winter,6944
Wind,Winter,2843
Wind,Spring,2353
Wind,Fall,2071
Wind,Summer,1283
Wind,Spring,9217
Wind,Spring,3069
Wind,Summer,5209
Wind,Fall,17333
Wind,Spring,9648
Wind,Spring,2194
Wind,Fall,526
Solar,Summer,10618
Wind,Spring,8761
Wind,Fall,1944
Wind,Fall,1511
Wind,Fall,583
Solar,Summer,4536
Wind,Summer,7745
Wind,Winter,14443
Wind,Summer,3425
Wind,Fall,3299
Wind,Winter,7422
Wind,Winter,9189
Wind,Winter,6960
Solar,Fall,3636
Solar,Summer,4390
Wind,Spring,4255
Wind,Spring,17323
Wind,Fall,11011
Wind,Spring,4350
Solar,Summer,8366
Wind,Spring,9293
Solar,Spring,5587
Wind,Spring,4703
Solar,Summer,5446
Wind,Summer,10201
Wind,Spring,3836
Wind,Summer,1414
Wind,Fall,11859
Wind,Fall,4989
Wind,Winter,15556
Wind,Summer,3390
Wind,Spring,8968
Wind,Summer,916
Wind,Winter,587
Wind,Fall,1635
Wind,Summer,1469
Wind,Spring,3691
Wind,Fall,7366
Wind,Winter,6077
Wind,Summer,370
Wind,Winter,1397
Wind,Winter,3221
Wind,Summer,9714
Wind,Spring,6913
Wind,Spring,5556
Wind,Winter,11825
Wind,Winter,4479
Wind,Summer,8231
Wind,Summer,2398
Wind,Spring,837
Wind,Fall,4458
Wind,Spring,2140
Wind,Spring,19093
Wind,Fall,2882
Wind,Winter,4372
Wind,Winter,9534
Wind,Summer,1614
Solar,Fall,3178
Wind,Fall,3699
Solar,Fall,8393
Solar,Summer,6170
Wind,Winter,3863
Wind,Spring,8430
Solar,Summer,5469
Solar,Spring,6982
Wind,Winter,5385
Wind,Fall,7385
Wind,Winter,3446
Wind,Spring,3859
Wind,Winter,9132
Wind,Fall,8232
Wind,Fall,3911
Solar,Spring,5809
Wind,Winter,7263
Wind,Winter,18356
Wind,Winter,2037
Wind,Winter,3267
Wind,Fall,1692
Wind,Fall,2854
Wind,Winter,15434
Wind,Fall,1106
Wind,Summer,2739
Wind,Fall,10406
Solar,Summer,6403
Wind,Fall,3738
Wind,Winter,17177
Solar,Spring,11510
Wind,Winter,4716
Solar,Summer,10700
Solar,Summer,3377
Wind,Winter,4208
Wind,Spring,3834
Wind,Winter,5384
Wind,Spring,5298
Wind,Summer,10971
Wind,Summer,3402
Wind,Winter,8325
Wind,Spring,8072
Wind,Fall,3896
Wind,Summer,5701
Wind,Winter,10164
Wind,Spring,4807
Wind,Summer,2123
Wind,Winter,3018
Wind,Summer,4985
Solar,Fall,5955
Solar,Summer,5121
Wind,Winter,6130
Wind,Spring,11994
Wind,Summer,5437
Wind,Winter,13856
Wind,Spring,15972
Wind,Summer,6732
Wind,Spring,8791
Wind,Fall,14125
Wind,Spring,7076
Wind,Fall,4801
Wind,Winter,4009
Wind,Winter,9960
Solar,Summer,8810
Wind,Summer,8621
Wind,Fall,13349
Solar,Spring,8234
Solar,Spring,7312
Wind,Winter,9829
Wind,Fall,6743
Wind,Winter,12955
Wind,Spring,5756
Wind,Fall,2897
Wind,Summer,4150
Wind,Summer,4286
Wind,Fall,695
Wind,Spring,8961
Wind,Fall,4496
Wind,Winter,6526
Solar,Fall,5020
Wind,Summer,3496
Solar,Summer,2516
Solar,Spring,7819
Wind,Spring,12265
Wind,Summer,4475
Wind,Fall,13818
Wind,Summer,6101
Wind,Spring,16522
Wind,Summer,3144
Wind,Summer,3610
Solar,Spring,6259
Wind,Fall,1687
Wind,Summer,1362
Wind,Fall,3775
Wind,Summer,1578
Wind,Winter,6707
Solar,Summer,8342
Wind,Winter,3207
Wind,Spring,4667
Wind,Summer,3806
Wind,Summer,1851
Wind,Fall,6267
Wind,Winter,10389
Wind,Fall,12707
Wind,Spring,5079
Wind,Summer,4749
Wind,Winter,4645
Wind,Summer,5046
Wind,Winter,18488
Wind,Fall,7800
Solar,Summer,5797
Wind,Spring,3436
Wind,Summer,3000
Solar,Summer,9794
Wind,Summer,1450
Solar,Fall,6219
Solar,Summer,5622
Wind,Summer,4969
Wind,Spring,13290
Wind,Winter,13159
Solar,Summer,5041
Wind,Summer,3303
Wind,Winter,4964
Wind,Spring,10534
Wind,Fall,2156
Wind,Winter,1038
Wind,Winter,2415
Wind,Spring,5191
Wind,Summer,3487
Wind,Winter,3377
Wind,Fall,10453
Wind,Spring,10121
Wind,Spring,466
Solar,Spring,2735
Wind,Spring,5349
Wind,Summer,5041
Wind,Fall,4634
Wind,Spring,8241
Solar,Summer,3483
Wind,Fall,4003
Wind,Summer,1003
Wind,Summer,1905
Wind,Spring,8273
Wind,Summer,2926
Wind,Winter,2983
Wind,Summer,3497
Solar,Winter,4731
Wind,Summer,3579
Wind,Summer,4765
Wind,Spring,10878
Wind,Fall,2426
Wind,Spring,11737
Wind,Summer,4261
Wind,Fall,13394
Wind,Spring,9998
Wind,Spring,5776
Wind,Winter,10814
Wind,Fall,9831
Wind,Spring,10411
Wind,Spring,3114
Wind,Spring,4720
Solar,Summer,9972
Wind,Summer,1660
Wind,Winter,8606
Wind,Winter,6819
Wind,Winter,4428
Wind,Summer,2991
Solar,Fall,3213
Solar,Fall,6498
Wind,Winter,13652
Wind,Winter,1296
Wind,Fall,2689
Wind,Winter,14924
Wind,Winter,4021
Wind,Summer,6326
Solar,Summer,2252
Wind,Spring,6520
Wind,Spring,4088
Wind,Winter,1761
Wind,Spring,9371
Wind,Fall,3561
Solar,Summer,8271
Wind,Spring,3140
Wind,Summer,9935
Solar,Summer,8396
Wind,Winter,13696
Wind,Fall,11081
Wind,Summer,5123
Wind,Summer,4994
Solar,Summer,7971
Wind,Summer,1043
Solar,Summer,9212
Wind,Spring,2917
Wind,Winter,3125
Wind,Fall,7154
Wind,Winter,5875
Wind,Spring,7583
Solar,Summer,9682
Wind,Spring,14449
Wind,Spring,5489
Wind,Winter,4150
Wind,Spring,9396
Wind,Winter,11021
Wind,Summer,4890
Solar,Summer,1398
Wind,Spring,5425
Wind,Winter,11215
Wind,Fall,1430
Solar,Summer,12297
Solar,Summer,4966
Wind,Fall,4181
Wind,Winter,4787
Solar,Spring,7674
Solar,Summer,4978
Wind,Fall,3192
Wind,Winter,2933
Wind,Summer,1904
Wind,Winter,4560
Wind,Spring,10672
Solar,Fall,4814
Solar,Summer,4010
Wind,Spring,1961
Wind,Spring,6468
Wind,Winter,1282
Wind,Fall,13417
Solar,Fall,8271
Wind,Spring,4404
Wind,Spring,12494
Solar,Summer,4693
Solar,Spring,5938
Wind,Fall,6089
Solar,Spring,6311
Wind,Spring,3643
Wind,Fall,5025
Wind,Summer,651
Solar,Spring,6484
Solar,Fall,5974
Wind,Winter,13587
Wind,Spring,4054
Wind,Winter,6733
Solar,Fall,7094
Wind,Fall,1819
Wind,Winter,7552
Wind,Summer,1637
Wind,Spring,9869
Wind,Spring,4456
Wind,Winter,3658
Wind,Spring,3605
Wind,Winter,14188
Solar,Summer,1524
Wind,Winter,11841
Solar,Summer,5662
Wind,Winter,7060
Wind,Summer,1377
Wind,Winter,16098
Solar,Fall,7599
Wind,Spring,5316
Wind,Summer,2727
Wind,Summer,7413
Wind,Winter,7152
Wind,Winter,11117
Wind,Spring,14268
Wind,Spring,14489
Wind,Spring,3997
Wind,Summer,3126
Wind,Winter,11166
Solar,Spring,3777
Wind,Fall,5705
Wind,Summer,3806
Wind,Fall,6523
Wind,Spring,2922
Wind,Summer,2375
Wind,Summer,11830
Wind,Winter,6702
Wind,Fall,4962
Wind,Summer,942
Solar,Fall,11222
Wind,Fall,5367
Wind,Summer,2962
Wind,Fall,2356
Wind,Summer,1950
Wind,Winter,4981
Solar,Summer,6715
Wind,Winter,12629
Solar,Fall,5082
Wind,Summer,11056
Wind,Winter,9266
Solar,Fall,2963
Wind,Fall,9503
Wind,Spring,3450
Wind,Fall,4925
Wind,Summer,3796
Wind,Fall,4902
Wind,Winter,9874
Wind,Summer,10771
Wind,Fall,2954
Wind,Summer,4507
Solar,Spring,10504
Solar,Winter,4762
Wind,Winter,931
Wind,Summer,11191
Solar,Summer,3755
Wind,Winter,7803
Solar,Fall,3821
Wind,Fall,10146
Wind,Fall,11254
Wind,Summer,438
Wind,Winter,8550
Wind,Fall,2524
Wind,Winter,15129
Wind,Winter,13175
Wind,Fall,584
Wind,Summer,2482
Solar,Spring,5503
Wind,Fall,1538
Wind,Fall,7794
Solar,Summer,8030
Wind,Winter,6973
Wind,Spring,4020
Solar,Winter,4372
Wind,Fall,2904
Wind,Spring,7469
Wind,Spring,2960
Wind,Spring,12112
Wind,Summer,4950
Wind,Spring,2119
Wind,Spring,3241
Wind,Spring,2368
Wind,Spring,7692
Wind,Fall,11169
Wind,Summer,9980
Wind,Spring,9550
Solar,Winter,3590
Wind,Fall,8623
Wind,Fall,5384
Solar,Fall,6137
Wind,Spring,1431
Wind,Winter,10617
Wind,Spring,4973
Solar,Summer,8338
Solar,Spring,7001
Solar,Fall,8412
Wind,Summer,6656
Solar,Summer,5502
Wind,Winter,6843
Solar,Spring,2403
Wind,Spring,7607
Wind,Winter,2584
Wind,Fall,11312
Solar,Winter,4287
Wind,Winter,7168
Wind,Spring,8072
Wind,Fall,4098
Wind,Spring,11113
Wind,Summer,4606
Solar,Summer,4725
Wind,Spring,7606
Wind,Summer,3591
Wind,Winter,7138
Wind,Winter,8718
Wind,Spring,12871
Wind,Fall,10723
Wind,Fall,10734
Wind,Fall,4238
Wind,Winter,1690
Wind,Winter,2435
Wind,Fall,8595
Wind,Winter,4734
Wind,Winter,7676
Wind,Fall,3148
Wind,Winter,9345
Wind,Summer,7498
Wind,Winter,3707
Wind,Fall,6907
Wind,Winter,8170
Wind,Summer,3718
Wind,Spring,7815
Solar,Summer,6838
Wind,Summer,4054
Wind,Spring,11551
Wind,Spring,2902
Wind,Summer,4120
Wind,Summer,2352
Wind,Summer,3520
Wind,Spring,3246
Solar,Spring,8251
Solar,Spring,5091
Wind,Summer,4963
Solar,Summer,3476
Wind,Spring,4483
Wind,Spring,5427
Wind,Fall,7756
Wind,Fall,5286
Solar,Fall,2337
Wind,Summer,746
Wind,Winter,2927
Wind,Winter,11340
Wind,Spring,7827
Wind,Fall,2469
Wind,Summer,1550
Solar,Summer,3464
Wind,Fall,4669
Wind,Fall,3138
Wind,Spring,3543
Wind,Spring,3358
Wind,Spring,9578
Wind,Fall,14457
Solar,Summer,4373
Solar,Spring,1377
Wind,Winter,3033
Wind,Fall,1355
Wind,Fall,3113
Wind,Fall,1193
Wind,Summer,4927
Wind,Fall,4784
Wind,Spring,625
Wind,Summer,1385
Wind,Summer,3252
Wind,Spring,4527
Wind,Fall,1626
Wind,Fall,5473
Wind,Spring,3913
Wind,Spring,629
Wind,Spring,1822
Solar,Spring,6399
Wind,Spring,4924
Wind,Winter,6810
Wind,Winter,7205
Wind,Winter,4602
Wind,Winter,2302
Wind,Fall,4771
Wind,Fall,9601
Wind,Fall,16078
Wind,Fall,10062
Wind,Fall,7973
Wind,Fall,1282
Wind,Fall,1364
Wind,Fall,12954
Solar,Fall,2623
Wind,Winter,6614
Solar,Spring,10098
Wind,Summer,2334
Wind,Spring,13391
Wind,Spring,5109
Wind,Summer,2919
Wind,Spring,3018
Solar,Summer,5543
Solar,Spring,3781
Wind,Spring,3111
Wind,Spring,3897
Wind,Winter,14043
Wind,Winter,10381
Wind,Winter,1739
Wind,Spring,7169
Wind,Winter,13221
Wind,Summer,2993
Wind,Spring,7649
Solar,Spring,3243
Wind,Winter,3681
Wind,Spring,2287
Wind,Winter,10047
Wind,Winter,2005
Wind,Summer,1679
Wind,Summer,2045
Wind,Winter,2696
Wind,Fall,4434
Solar,Summer,9653
Wind,Spring,4146
Wind,Winter,3999
Wind,Summer,9992
Wind,Fall,1554
Wind,Summer,9354
Wind,Summer,2035
Solar,Summer,3778
Wind,Spring,7123
Solar,Spring,3323
Wind,Spring,12812
Wind,Winter,10733
Wind,Winter,16191
Wind,Winter,3817
Wind,Summer,2489
Solar,Spring,8623
Wind,Fall,6796
Wind,Summer,2582
Wind,Winter,9926
Solar,Summer,11541
Wind,Summer,1695
Wind,Spring,3472
Wind,Fall,7231
Wind,Fall,17786
Wind,Winter,6188
Wind,Summer,4524
Solar,Winter,8211
Wind,Winter,11052
Wind,Spring,1227
Wind,Fall,3438
Wind,Fall,6302
Wind,Winter,4250
Wind,Summer,1800
Wind,Fall,1207
Wind,Summer,4867
Wind,Spring,12855
Wind,Summer,1056
Wind,Summer,3580
Solar,Spring,5600
Solar,Summer,7367
Wind,Fall,4964
Wind,Spring,1696
Wind,Spring,3316
Solar,Winter,4274
Wind,Fall,10375
Wind,Fall,15246
Wind,Fall,14483
Wind,Summer,11567
Wind,Spring,7450
Wind,Winter,3288
Wind,Fall,3879
Wind,Winter,19358
Wind,Fall,6941
Wind,Winter,3224
Solar,Summer,7531
Wind,Fall,4275
Wind,Fall,9125
Wind,Fall,8044
Wind,Winter,17108
Wind,Fall,4402
Solar,Summer,4027
Wind,Spring,8574
Wind,Winter,8045
Wind,Fall,4888
Wind,Fall,3308
Wind,Fall,2628
Wind,Winter,4567
Wind,Spring,10973
Wind,Summer,5042
Wind,Spring,2581
Solar,Fall,7239
Wind,Winter,1868
Wind,Summer,4580
Wind,Fall,1599
Wind,Spring,10808
Wind,Fall,1374
Wind,Summer,13408
Solar,Winter,4402
Wind,Summer,2462
Wind,Summer,8818
Wind,Winter,2566
Wind,Winter,7011
Solar,Spring,11645
Solar,Summer,10343
Wind,Fall,3451
Solar,Summer,10561
Wind,Spring,1693
Wind,Spring,3410
Wind,Spring,5953
Wind,Fall,3453
Wind,Summer,3916
Wind,Summer,2176
Solar,Summer,3181
Wind,Winter,7104
Wind,Fall,833
Wind,Summer,4430
Wind,Summer,14176
Wind,Spring,9189
Wind,Spring,4464
Wind,Winter,11461
Wind,Winter,8100
Wind,Spring,1616
Wind,Winter,5738
Wind,Summer,10018
Wind,Winter,4793
Solar,Summer,5195
Wind,Spring,6367
Wind,Winter,14125
Wind,Summer,2172
Wind,Spring,14234
Wind,Fall,2338
Wind,Winter,4279
Solar,Summer,7307
Wind,Spring,14393
Wind,Summer,2338
Solar,Summer,4101
Wind,Summer,5523
Wind,Fall,9212
Wind,Winter,6383
Wind,Summer,1654
Wind,Summer,3466
Wind,Summer,2794
Wind,Summer,1786
Wind,Spring,2332
Wind,Spring,2739
Wind,Winter,9573
Wind,Spring,12157
Wind,Spring,14251
Wind,Winter,9075
Wind,Fall,6850
Wind,Summer,5477
Wind,Summer,1304
Wind,Summer,8790
Wind,Winter,13620
Wind,Fall,3135
Solar,Winter,6367
Wind,Fall,2374
Wind,Spring,2754
Solar,Spring,3934
Wind,Winter,2707
Wind,Winter,10311
Wind,Summer,7335
Wind,Fall,9198
Wind,Fall,2550
Wind,Winter,1646
Wind,Winter,6114
Wind,Summer,1791
Wind,Winter,4993
Wind,Fall,6137
Solar,Fall,2889
Wind,Fall,2581
Wind,Spring,13630
Wind,Winter,5661
Wind,Summer,2252
Wind,Summer,3539
Wind,Winter,6369
Wind,Winter,6811
Wind,Fall,7896
Wind,Summer,4514
Wind,Spring,3646
Wind,Fall,1575
Wind,Winter,10457
Wind,Fall,3559
Wind,Summer,9514
Wind,Winter,7938
Wind,Winter,3431
Wind,Summer,3354
Wind,Spring,15064
Wind,Winter,4192
Wind,Fall,10165
Wind,Summer,4533
Solar,Spring,8967
Wind,Spring,12712
Wind,Spring,479
Solar,Summer,6190
Wind,Fall,5261
Wind,Summer,3265
Wind,Summer,1248
Wind,Winter,4757
Solar,Summer,5093
Wind,Winter,17304
Wind,Winter,5429
Wind,Spring,11498
Wind,Spring,6322
Wind,Spring,6610
Wind,Summer,1149
Wind,Spring,2502
Wind,Winter,11579
Wind,Summer,3974
Solar,Summer,4514
Wind,Spring,3851
Wind,Fall,1567
Wind,Winter,7146
Wind,Spring,677
Wind,Winter,2807
Wind,Spring,8476
Solar,Spring,3997
Wind,Fall,2638
Wind,Spring,2248
Wind,Summer,9610
Wind,Winter,17504
Wind,Winter,4264
Wind,Summer,3250
Wind,Spring,7424
Wind,Fall,1731
Wind,Winter,2733
Wind,Summer,3504
Wind,Spring,17542
Wind,Spring,5969
Wind,Spring,7377
Wind,Winter,13570
Wind,Spring,4685
Wind,Summer,1138
Wind,Fall,2859
Wind,Summer,1928
Wind,Winter,1983
Wind,Winter,2458
Wind,Fall,3113
Wind,Fall,10338
Wind,Fall,7098
Wind,Fall,7668
Wind,Spring,2225
Solar,Spring,6648
Wind,Fall,380
Wind,Fall,8437
Solar,Spring,5174
Wind,Fall,2138
Wind,Fall,2050
Wind,Spring,4104
Wind,Summer,723
Wind,Summer,4351
Wind,Fall,11301
Wind,Summer,11666
Wind,Spring,6084
Wind,Spring,11441
Wind,Fall,833
Solar,Spring,9175
Solar,Fall,2049
Wind,Winter,3072
Solar,Summer,4302
Wind,Fall,6595
Wind,Fall,4391
Solar,Summer,5292
Wind,Fall,2015
Wind,Spring,9416
Wind,Winter,3717
Wind,Spring,5564
Wind,Summer,932
Wind,Winter,11169
Wind,Winter,6891
Wind,Summer,776
Wind,Spring,5170
Wind,Spring,15041
Wind,Fall,7334
Wind,Spring,7918
Wind,Summer,5004
Wind,Summer,6030
Wind,Spring,10193
Wind,Summer,1351
Wind,Winter,3386
Wind,Spring,12352
Wind,Spring,5826
Wind,Fall,17543
Solar,Summer,2112
Wind,Spring,5077
Wind,Spring,3791
Wind,Winter,6317
Wind,Spring,4602
Solar,Summer,4345
Wind,Spring,4671
Wind,Summer,1048
Wind,Fall,12440
Wind,Fall,10615
Wind,Fall,7077
Solar,Summer,2455
Wind,Spring,7409
Wind,Winter,5481
Wind,Summer,1793
Wind,Spring,4126
Wind,Summer,5343
Wind,Winter,13567
Wind,Winter,1630
Solar,Summer,7582
Wind,Fall,2394
Wind,Spring,2963
Wind,Spring,5726
Wind,Winter,19742
Solar,Summer,8461
Wind,Fall,18100
Wind,Summer,4280
Wind,Spring,4614
Wind,Fall,4568
Wind,Winter,11639
Wind,Fall,12368
Solar,Summer,8787
Solar,Fall,3051
Wind,Winter,5296
Solar,Spring,8354
Solar,Winter,5873
Wind,Summer,3969
Solar,Spring,3210
Wind,Winter,4914
Wind,Fall,2497
Wind,Spring,3407
Wind,Fall,9569
Wind,Summer,3328
Solar,Winter,10622
Wind,Spring,5891
Wind,Winter,14713
Wind,Fall,3138
Wind,Fall,6691
Wind,Winter,3434
Wind,Winter,8062
Wind,Fall,6864
Wind,Summer,2496
Solar,Spring,12215
Wind,Winter,3594
Wind,Winter,17057
Solar,Summer,7992
Wind,Winter,2614
Wind,Fall,4342
Wind,Summer,2306
Wind,Fall,654
Wind,Winter,10801
Wind,Fall,2745
Solar,Summer,4237
Solar,Winter,5425
Wind,Winter,6233
Solar,Summer,10463
Wind,Summer,1316
Wind,Winter,8489
Solar,Spring,6950
Wind,Spring,3630
Wind,Winter,9050
Wind,Winter,11271
Wind,Winter,18470
Wind,Winter,5457
Wind,Summer,10342
Wind,Spring,11590
Wind,Summer,3518
Solar,Spring,4042
Wind,Spring,8689
Wind,Summer,3541
Wind,Fall,6617
Solar,Summer,6376
Wind,Fall,1627
Wind,Spring,6994
Wind,Winter,6620
Wind,Fall,8639
Wind,Fall,1588
Wind,Spring,5409
Wind,Summer,981
Wind,Spring,6480
Wind,Winter,11148
Wind,Fall,1417
Wind,Summer,4930
Wind,Winter,3561
Wind,Fall,7015
Wind,Spring,5480
Wind,Winter,6148
Solar,Summer,6196
Wind,Summer,4609
Wind,Summer,6091
Wind,Fall,9643
Wind,Winter,12126
Wind,Spring,985
Wind,Summer,2061
Wind,Summer,3261
Wind,Fall,9983
Wind,Winter,16866
Wind,Spring,8382
Wind,Winter,10479
Wind,Summer,1553
Wind,Winter,11830
Wind,Winter,7825
Wind,Winter,5033
Solar,Summer,3567
Wind,Spring,6596
Wind,Winter,7712
Wind,Spring,4761
Wind,Fall,12570
Wind,Spring,6738
Solar,Spring,5199
Wind,Fall,1386
Wind,Summer,1579
Wind,Spring,10061
Wind,Spring,14399
Solar,Spring,8357
Wind,Winter,2989
Wind,Winter,16345
Wind,Fall,2032
Wind,Spring,4238
Wind,Fall,12285
Solar,Summer,9170
Wind,Winter,10852
Wind,Summer,4350
Wind,Summer,4122
Wind,Spring,12510
Wind,Winter,5549
Wind,Fall,1487
Wind,Winter,11785
Wind,Winter,7911
Wind,Summer,789
Wind,Summer,3009
Wind,Winter,2001
Wind,Fall,3781
Wind,Spring,2145
Wind,Spring,8552
Wind,Spring,3240
Wind,Winter,15949
Wind,Spring,7152
Wind,Spring,5485
Wind,Fall,2350
Solar,Summer,5061
Solar,Summer,2931
Wind,Fall,8371
Wind,Spring,7097
Wind,Fall,11998
Solar,Summer,10189
Wind,Fall,7046
Wind,Spring,11450
Wind,Fall,3422
Solar,Summer,5327
Wind,Fall,4286
Solar,Fall,5454
Wind,Fall,2348
Wind,Summer,2172
Wind,Fall,4710
Solar,Fall,8418
Wind,Fall,2328
Solar,Summer,3195
Solar,Spring,4030
Wind,Spring,2900
Wind,Fall,5173
Wind,Spring,2818
Wind,Winter,8724
Wind,Winter,16264
Wind,Winter,7466
Wind,Spring,4416
Wind,Winter,3681
Wind,Summer,4917
Wind,Summer,3285
Wind,Spring,6964
Wind,Spring,11176
Wind,Spring,2874
Wind,Winter,11352
Wind,Fall,3706
Wind,Winter,15231
Wind,Summer,8029
Wind,Summer,6609
Wind,Winter,14628
Wind,Fall,7401
Solar,Spring,2297
Solar,Summer,4102
Wind,Fall,15749
Wind,Spring,11332
Solar,Spring,2995
Wind,Fall,5298
Wind,Fall,3952
Wind,Winter,10052
Wind,Summer,11426
Wind,Winter,2168
Wind,Winter,14107
Wind,Summer,4126
Wind,Winter,2882
Solar,Fall,5083
Solar,Spring,15080
Wind,Fall,6093
Wind,Spring,4047
Wind,Summer,13252
Wind,Winter,5559
Solar,Summer,5699
Wind,Fall,9165
Wind,Fall,4199
Wind,Summer,4652
Wind,Winter,6315
Wind,Spring,4765
Wind,Spring,5730
Solar,Summer,4699
Wind,Spring,4803
Wind,Winter,5948
Solar,Spring,4102
Wind,Summer,4778
Wind,Spring,5283
Wind,Winter,5398
Wind,Winter,7343
Solar,Summer,7985
Wind,Spring,8237
Solar,Summer,6001
Wind,Winter,5499
Solar,Fall,4720
Wind,Winter,13384
Wind,Spring,6470
Wind,Winter,17387
Wind,Spring,2460
Wind,Summer,2810
Wind,Winter,3280
Wind,Winter,9585
Wind,Spring,5113
Wind,Spring,6830
Wind,Winter,3193
Wind,Fall,8025
Wind,Winter,3745
Wind,Fall,12826
Wind,Winter,9235
Wind,Fall,978
Wind,Spring,6149
Wind,Winter,3431
Wind,Spring,3815
Wind,Summer,918
Wind,Spring,4696
Wind,Summer,3675
Wind,Summer,5143
Wind,Spring,9436
Wind,Spring,9132
Wind,Winter,4044
Wind,Winter,7199
Wind,Fall,1930
Wind,Summer,3699
Solar,Fall,7231
Wind,Spring,2171
Wind,Winter,1854
Solar,Summer,3323
Wind,Fall,988
Solar,Summer,5467
Wind,Winter,16588
Solar,Spring,6026
Solar,Fall,3129
Wind,Winter,17595
Solar,Spring,2510
Wind,Summer,2854
Solar,Spring,3819
Solar,Fall,3528
Wind,Winter,6614
Solar,Summer,9021
Wind,Fall,3884
Wind,Fall,11587
Wind,Summer,806
Wind,Winter,10124
Wind,Spring,7103
Wind,Spring,6853
Wind,Summer,12507
Wind,Summer,4561
Wind,Summer,7443
Wind,Spring,5703
Solar,Fall,6137
Wind,Winter,14578
Wind,Spring,2774
Wind,Fall,2533
Wind,Fall,2893
Wind,Winter,7591
Wind,Winter,3271
Wind,Spring,6736
Solar,Spring,8121
Wind,Summer,2600
Wind,Spring,4117
Wind,Summer,4362
Wind,Spring,8012
Wind,Spring,5243
Wind,Spring,10001
Wind,Winter,2969
Wind,Winter,7682
Wind,Winter,7471
Solar,Winter,5289
Wind,Fall,13201
Wind,Winter,6842
Wind,Spring,13079
Wind,Summer,1185
Wind,Fall,3058
Solar,Fall,6697
Wind,Winter,2588
Wind,Winter,5382
Wind,Spring,11078
Wind,Winter,5928
Wind,Fall,1564
Wind,Spring,2486
Wind,Summer,1311
Solar,Summer,6936
Wind,Summer,1757
Solar,Spring,2380
Solar,Summer,7139
Wind,Fall,3745
Wind,Winter,6417
Wind,Winter,7136
Solar,Spring,7510
Solar,Fall,5169
Wind,Winter,8230
Wind,Winter,11974
Wind,Winter,17589
Wind,Fall,2961
Solar,Winter,3645
Wind,Fall,2874
Wind,Fall,2488
Wind,Winter,14288
Wind,Summer,2984
Wind,Summer,4481
Wind,Summer,2148
Wind,Fall,2199
Solar,Summer,3858
Wind,Fall,846
Wind,Fall,1595
Wind,Spring,2584
Wind,Fall,4603
Wind,Fall,6503
Wind,Fall,6502
Wind,Spring,14376
Wind,Summer,2114
Wind,Spring,6372
Wind,Winter,5197
Solar,Spring,4085
Solar,Summer,2634
Wind,Winter,6865
Wind,Fall,7162
Wind,Summer,1873
Wind,Fall,4071
Wind,Spring,9897
Wind,Winter,5859
Wind,Spring,18551
Wind,Summer,5018
Wind,Spring,6026
Wind,Summer,2880
Solar,Spring,7908
Wind,Spring,5850
Wind,Fall,7034
Wind,Summer,5172
Wind,Winter,5504
Wind,Spring,690
Wind,Spring,4474
Wind,Fall,6040
Wind,Summer,8130
Solar,Spring,6317
Wind,Summer,4909
Wind,Spring,3028
Wind,Winter,9467
Wind,Fall,5397
Wind,Fall,10734
Wind,Winter,15685
Wind,Fall,10984
Solar,Summer,5704
Wind,Winter,9426
Wind,Spring,933
Wind,Summer,13574
Wind,Fall,12500
Solar,Summer,8507
Wind,Fall,6327
Wind,Summer,6018
Wind,Spring,4375
Wind,Summer,3692
Wind,Summer,3451
Wind,Spring,7360
Wind,Spring,1955
Solar,Winter,3473
Wind,Spring,3218
Wind,Spring,3198
Solar,Summer,6020
Wind,Spring,9324
Wind,Summer,2418
Wind,Fall,2712
Wind,Summer,5798
Wind,Winter,12549
Wind,Spring,1056
Solar,Fall,5958
Wind,Summer,8854
Wind,Fall,2506
Wind,Fall,12183
Wind,Summer,8078
Wind,Fall,1685
Wind,Spring,4207
Wind,Fall,3756
Wind,Summer,3209
Wind,Winter,17304
Wind,Spring,11037
Wind,Winter,1985
Wind,Fall,14963
Solar,Summer,3443
Wind,Winter,3339
Wind,Winter,3390
Wind,Summer,3262
Wind,Spring,9110
Wind,Spring,1742
Wind,Spring,14517
Solar,Summer,8587
Wind,Fall,4833
Wind,Fall,5205
Wind,Fall,5532
Wind,Winter,8303
Wind,Fall,1830
Wind,Spring,10661
Wind,Spring,13977
Wind,Fall,8342
Wind,Spring,4229
Wind,Winter,4609
Wind,Spring,5412
Wind,Winter,3781
Wind,Winter,8297
Wind,Spring,8937
Wind,Winter,14800
Wind,Summer,4876
Wind,Spring,854
Wind,Summer,1799
Solar,Fall,7308
Wind,Summer,5636
Wind,Winter,2631
Wind,Summer,2945
Wind,Fall,1281
Wind,Winter,1917
Wind,Winter,1882
Wind,Spring,1504
Wind,Winter,4023
